cust_id,contact_date,contact_channel,sat_score,call_duration_mins,issue_resolved
C00001,2023-02-08,Phone,3,57,0
C00001,2023-09-21,Phone,5,56,1
C00002,2024-11-02,Phone,2,24,1
C00002,2023-08-17,Web Chat,1,5,1
C00003,2024-09-08,Phone,3,54,1
C00003,2024-10-19,Phone,5,21,1
C00003,2024-04-08,Web Chat,3,18,1
C00004,2023-01-06,Phone,3,42,1
C00004,2023-08-06,Phone,4,45,1
C00004,2023-01-20,Web Chat,4,12,1
C00005,2024-11-03,Email,5,16,1
C00006,2023-04-16,Phone,4,16,1
C00006,2024-12-14,Phone,3,56,1
C00007,2023-08-12,Web Chat,2,6,1
C00007,2023-09-23,Phone,4,24,1
C00008,2024-01-19,Web Chat,3,15,1
C00008,2024-12-10,Web Chat,3,13,1
C00009,2023-03-04,Email,5,5,1
C00010,2023-08-01,Email,2,9,1
C00010,2024-03-25,Web Chat,5,12,1
C00010,2024-01-04,Email,3,3,1
C00011,2024-08-02,Phone,5,22,1
C00011,2024-10-02,Email,3,4,1
C00011,2024-06-14,Phone,5,39,1
C00011,2024-08-19,Phone,3,43,1
C00012,2024-11-27,Web Chat,3,8,1
C00013,2024-09-15,Phone,4,59,1
C00014,2023-10-28,Web Chat,4,16,1
C00014,2024-09-03,Web Chat,4,11,1
C00015,2023-09-08,Phone,2,18,1
C00015,2024-05-11,Email,4,18,1
C00015,2023-09-03,Phone,3,39,0
C00015,2024-03-08,Phone,2,30,1
C00016,2023-09-16,Phone,4,59,1
C00017,2023-04-09,Email,5,4,1
C00017,2023-07-03,Phone,3,18,1
C00017,2023-04-16,Email,4,8,1
C00018,2024-06-11,Email,4,5,1
C00018,2024-02-06,Web Chat,4,15,1
C00018,2024-01-26,Email,4,18,1
C00019,2024-08-09,Email,5,11,1
C00019,2023-01-03,Web Chat,2,15,0
C00020,2024-08-01,Email,3,13,1
C00020,2023-05-01,Phone,1,58,1
C00021,2024-08-22,Phone,4,48,0
C00021,2023-02-06,Email,4,10,0
C00021,2023-10-02,Phone,3,20,1
C00021,2024-10-24,Email,5,13,1
C00021,2024-09-19,Phone,2,48,1
C00022,2023-09-05,Web Chat,5,17,1
C00022,2023-04-14,Phone,2,42,1
C00023,2024-11-05,Email,3,11,0
C00023,2023-12-23,Phone,2,47,0
C00023,2023-04-13,Web Chat,3,3,1
C00023,2023-10-02,Email,3,17,1
C00023,2023-10-03,Web Chat,3,10,1
C00024,2024-03-26,Web Chat,3,11,1
C00024,2023-01-17,Web Chat,3,5,0
C00024,2024-04-01,Phone,3,48,0
C00025,2023-11-04,Phone,4,58,1
C00025,2023-10-21,Phone,5,30,0
C00026,2023-09-04,Phone,4,20,0
C00027,2024-07-02,Email,4,18,0
C00028,2023-09-27,Phone,3,35,1
C00028,2023-11-13,Phone,2,30,1
C00028,2023-12-08,Email,4,15,1
C00029,2024-08-14,Phone,3,56,1
C00029,2023-09-08,Phone,4,19,1
C00029,2024-10-25,Email,2,12,1
C00029,2024-02-02,Email,3,6,1
C00029,2023-01-13,Email,1,5,1
C00029,2023-01-21,Web Chat,2,3,0
C00029,2023-05-21,Email,2,6,1
C00030,2023-06-17,Phone,1,56,1
C00030,2023-01-01,Web Chat,5,3,1
C00031,2023-01-01,Web Chat,4,7,1
C00032,2023-10-01,Phone,3,16,1
C00033,2023-10-23,Email,4,19,1
C00034,2024-02-15,Email,4,15,1
C00035,2023-05-09,Email,4,10,1
C00035,2023-07-27,Email,3,3,1
C00035,2023-10-03,Phone,2,57,1
C00035,2023-01-21,Email,2,13,1
C00035,2024-05-18,Web Chat,5,7,1
C00035,2023-10-07,Web Chat,1,15,1
C00036,2024-06-03,Email,3,17,1
C00036,2023-08-17,Web Chat,5,10,1
C00037,2024-11-10,Web Chat,4,14,1
C00038,2024-08-19,Web Chat,5,3,1
C00039,2023-08-13,Phone,5,46,0
C00039,2024-02-05,Email,5,14,1
C00040,2024-12-24,Email,5,6,1
C00040,2023-01-09,Web Chat,2,13,1
C00041,2024-12-09,Web Chat,2,13,0
C00041,2024-06-08,Phone,3,31,1
C00042,2023-06-11,Phone,2,17,1
C00042,2024-10-25,Phone,4,31,1
C00042,2024-09-06,Web Chat,2,3,1
C00043,2024-06-03,Phone,4,20,1
C00043,2023-03-01,Phone,2,30,1
C00044,2023-11-20,Phone,2,29,1
C00044,2024-07-27,Web Chat,3,16,0
C00045,2023-02-04,Phone,3,42,1
C00045,2024-05-26,Web Chat,5,5,1
C00045,2024-03-10,Phone,4,42,1
C00046,2024-02-02,Web Chat,5,6,1
C00047,2024-09-10,Email,4,7,1
C00047,2024-03-08,Email,3,7,0
C00047,2024-10-18,Web Chat,5,6,1
C00047,2024-10-13,Phone,4,45,1
C00047,2024-03-27,Phone,5,27,1
C00047,2024-11-18,Phone,5,40,1
C00048,2024-11-04,Email,5,13,0
C00048,2023-07-08,Phone,1,48,1
C00049,2024-04-25,Web Chat,3,4,1
C00049,2024-02-23,Web Chat,4,9,0
C00050,2023-05-03,Email,3,13,1
C00051,2024-01-19,Email,5,14,1
C00051,2023-04-17,Web Chat,4,16,1
C00051,2024-03-19,Email,2,4,1
C00051,2023-11-01,Web Chat,4,19,1
C00051,2023-06-04,Web Chat,5,17,1
C00052,2023-03-14,Web Chat,5,13,1
C00052,2024-01-13,Web Chat,3,12,1
C00052,2023-06-03,Web Chat,2,18,1
C00053,2023-06-19,Email,4,6,0
C00053,2024-06-01,Phone,5,47,1
C00053,2024-07-03,Email,3,11,0
C00053,2023-12-06,Email,3,16,1
C00054,2024-02-23,Email,4,5,1
C00054,2023-01-16,Web Chat,4,8,1
C00054,2023-05-03,Phone,5,56,1
C00054,2024-12-22,Web Chat,5,6,1
C00055,2024-05-06,Web Chat,4,11,1
C00055,2024-07-06,Phone,4,22,1
C00055,2024-10-05,Web Chat,2,5,1
C00056,2024-09-08,Email,3,4,0
C00056,2023-02-19,Web Chat,5,19,1
C00057,2024-09-24,Phone,3,20,1
C00057,2023-06-27,Phone,5,44,1
C00057,2024-08-06,Phone,5,28,1
C00058,2023-05-22,Phone,3,15,1
C00058,2024-04-04,Phone,2,37,1
C00058,2023-05-07,Web Chat,4,7,1
C00058,2024-06-11,Phone,1,35,1
C00059,2024-10-08,Phone,3,20,1
C00059,2024-12-28,Phone,4,15,1
C00060,2024-12-06,Email,5,3,1
C00060,2024-06-05,Email,3,11,1
C00061,2023-09-16,Phone,5,56,1
C00061,2024-06-26,Web Chat,5,5,1
C00062,2024-05-04,Email,3,6,1
C00062,2023-06-27,Email,4,19,0
C00062,2024-07-25,Email,4,7,1
C00062,2023-09-23,Phone,3,42,0
C00062,2023-12-10,Web Chat,3,4,1
C00062,2024-08-26,Web Chat,4,15,1
C00063,2024-02-07,Email,3,14,1
C00064,2024-03-24,Email,5,13,1
C00064,2023-05-05,Phone,3,59,0
C00065,2024-04-14,Email,5,16,0
C00065,2024-12-05,Web Chat,4,4,1
C00065,2024-06-03,Email,5,11,1
C00066,2024-07-23,Web Chat,5,12,1
C00066,2023-09-22,Email,4,12,1
C00066,2024-01-25,Phone,5,45,1
C00066,2024-04-10,Web Chat,4,19,1
C00066,2024-04-05,Email,5,5,1
C00066,2024-08-10,Web Chat,5,13,1
C00066,2023-12-15,Web Chat,4,18,1
C00066,2024-04-22,Email,2,19,1
C00067,2024-08-05,Email,5,5,1
C00067,2024-04-17,Phone,3,59,1
C00067,2024-08-12,Email,5,5,1
C00068,2024-10-21,Email,3,7,0
C00069,2023-10-03,Email,4,8,1
C00069,2024-11-21,Web Chat,5,18,0
C00069,2024-04-21,Email,5,11,1
C00070,2024-05-05,Web Chat,3,6,1
C00070,2024-08-11,Phone,4,23,1
C00070,2023-06-16,Web Chat,2,6,0
C00070,2024-04-26,Email,4,7,1
C00071,2024-02-20,Web Chat,5,14,1
C00071,2024-04-01,Email,4,17,1
C00071,2023-09-20,Phone,3,46,1
C00071,2024-01-05,Email,4,18,1
C00071,2023-01-18,Email,2,6,1
C00072,2023-12-15,Web Chat,5,14,1
C00072,2023-09-20,Phone,4,23,1
C00072,2023-03-05,Web Chat,4,7,1
C00072,2023-11-05,Phone,2,24,1
C00072,2024-01-08,Phone,3,51,1
C00073,2024-11-21,Phone,5,44,1
C00073,2023-06-01,Email,1,3,1
C00073,2023-07-12,Phone,3,26,1
C00073,2023-07-10,Phone,5,33,1
C00074,2023-03-03,Web Chat,3,14,1
C00074,2023-05-19,Web Chat,4,18,1
C00074,2024-10-04,Email,4,17,1
C00075,2023-11-02,Phone,5,55,0
C00075,2024-02-09,Email,5,19,1
C00075,2023-10-12,Email,5,3,0
C00075,2023-06-18,Email,4,11,1
C00076,2024-03-15,Email,3,15,0
C00077,2023-10-08,Web Chat,2,5,0
C00078,2024-09-12,Phone,4,25,1
C00078,2023-08-02,Web Chat,1,10,1
C00078,2023-12-19,Phone,2,42,1
C00079,2024-06-21,Email,4,14,1
C00079,2023-04-03,Web Chat,3,17,1
C00080,2024-09-04,Phone,3,42,1
C00080,2023-06-16,Phone,3,32,1
C00081,2023-05-24,Web Chat,3,19,1
C00081,2024-10-20,Phone,3,23,1
C00081,2024-05-18,Phone,4,27,1
C00081,2023-12-02,Phone,4,44,0
C00082,2023-12-07,Web Chat,4,11,1
C00082,2023-06-06,Web Chat,2,9,1
C00082,2023-08-01,Email,4,17,1
C00083,2024-12-27,Web Chat,3,13,0
C00083,2023-05-07,Web Chat,3,7,1
C00083,2023-04-05,Phone,2,36,1
C00084,2023-06-07,Web Chat,4,17,1
C00084,2023-08-05,Web Chat,5,5,0
C00085,2023-09-04,Web Chat,2,8,0
C00085,2023-10-07,Phone,5,49,1
C00085,2024-10-25,Web Chat,3,16,1
C00086,2024-07-01,Email,4,3,1
C00086,2024-07-11,Web Chat,5,9,1
C00086,2024-08-10,Phone,3,52,1
C00087,2024-08-04,Web Chat,3,19,1
C00087,2024-07-09,Web Chat,3,7,1
C00087,2024-05-20,Phone,4,18,1
C00088,2023-09-09,Email,3,7,1
C00088,2024-04-24,Phone,3,53,1
C00088,2024-10-22,Phone,5,18,1
C00088,2023-12-22,Web Chat,3,19,1
C00089,2023-02-09,Phone,5,50,1
C00089,2023-08-07,Web Chat,5,14,0
C00089,2023-03-14,Web Chat,4,9,1
C00090,2024-01-04,Web Chat,3,18,1
C00090,2023-07-23,Phone,3,53,0
C00091,2023-07-13,Web Chat,3,12,0
C00091,2024-02-15,Phone,2,29,0
C00091,2023-02-22,Web Chat,5,6,1
C00091,2023-01-19,Web Chat,2,14,1
C00092,2024-09-01,Email,1,3,1
C00092,2024-09-12,Phone,5,17,1
C00093,2023-06-23,Email,5,10,1
C00093,2023-02-05,Phone,5,33,0
C00093,2024-05-18,Email,2,9,0
C00093,2023-02-01,Email,3,5,1
C00093,2023-01-12,Email,3,9,1
C00093,2024-09-19,Web Chat,3,10,1
C00093,2024-09-10,Email,4,7,1
C00093,2024-01-02,Email,1,16,1
C00094,2023-03-11,Email,2,8,1
C00094,2023-10-05,Email,3,7,1
C00094,2024-04-18,Phone,3,19,1
C00095,2024-03-12,Web Chat,3,19,1
C00095,2024-06-10,Email,3,9,1
C00096,2024-10-18,Phone,4,50,1
C00096,2024-03-22,Phone,2,55,1
C00096,2024-10-20,Email,3,8,1
C00097,2023-02-22,Web Chat,5,9,1
C00097,2023-10-12,Web Chat,4,6,1
C00098,2023-08-28,Web Chat,3,8,0
C00099,2024-03-10,Email,2,19,0
C00099,2024-11-03,Phone,3,22,1
C00099,2024-04-02,Web Chat,5,4,1
C00099,2023-10-25,Web Chat,4,10,1
C00099,2023-01-05,Web Chat,5,11,1
C00100,2024-12-04,Phone,3,51,1
C00100,2024-10-17,Phone,2,51,1
C00100,2023-01-04,Email,4,19,1
C00101,2023-03-11,Phone,3,59,0
C00101,2023-03-23,Phone,3,46,1
C00101,2023-01-04,Email,2,14,1
C00102,2023-01-16,Phone,3,52,1
C00102,2023-03-09,Phone,4,38,1
C00102,2024-05-09,Email,4,19,0
C00102,2024-10-11,Phone,4,43,1
C00103,2023-04-15,Web Chat,3,10,1
C00104,2023-07-08,Email,5,16,0
C00104,2024-11-25,Email,2,7,1
C00104,2023-03-09,Web Chat,5,6,1
C00104,2024-12-27,Phone,4,48,0
C00104,2024-06-20,Phone,2,36,1
C00105,2024-05-25,Email,2,5,0
C00105,2023-11-16,Phone,5,59,0
C00105,2024-03-16,Phone,3,19,1
C00106,2024-04-19,Email,3,14,0
C00106,2024-11-07,Phone,2,48,1
C00106,2023-08-24,Email,4,19,1
C00106,2023-12-25,Phone,3,53,1
C00107,2023-05-18,Web Chat,1,11,1
C00108,2023-05-23,Web Chat,5,9,1
C00108,2024-05-28,Web Chat,3,17,0
C00108,2024-11-14,Web Chat,2,14,0
C00108,2024-04-15,Phone,4,32,1
C00108,2024-02-07,Phone,4,51,1
C00109,2024-09-28,Email,5,16,1
C00109,2023-01-12,Phone,2,25,1
C00109,2024-04-17,Web Chat,1,19,1
C00109,2024-02-18,Email,5,8,0
C00109,2024-12-10,Email,2,17,1
C00110,2023-01-08,Phone,5,18,1
C00110,2024-01-04,Web Chat,4,18,1
C00110,2023-02-02,Phone,5,28,1
C00111,2023-02-26,Web Chat,3,8,0
C00111,2024-03-17,Email,4,18,1
C00112,2024-01-26,Web Chat,2,14,0
C00112,2023-05-16,Phone,3,30,0
C00112,2023-10-22,Web Chat,5,7,1
C00112,2023-10-09,Web Chat,5,5,1
C00113,2023-05-09,Email,3,15,1
C00113,2024-11-07,Phone,5,39,1
C00114,2023-04-11,Web Chat,2,17,0
C00114,2024-03-22,Email,5,13,0
C00114,2024-02-14,Email,1,18,1
C00115,2024-07-21,Phone,4,40,1
C00116,2024-12-07,Web Chat,2,15,1
C00116,2024-05-02,Web Chat,4,9,1
C00116,2024-05-22,Web Chat,4,13,1
C00117,2024-05-20,Email,2,9,1
C00117,2024-04-17,Phone,4,37,0
C00117,2024-12-15,Phone,4,58,1
C00118,2024-07-01,Web Chat,4,3,1
C00118,2024-09-04,Email,3,17,1
C00118,2023-12-11,Email,1,6,1
C00118,2023-03-06,Phone,4,44,1
C00119,2024-03-16,Email,5,18,1
C00120,2024-06-22,Email,4,6,1
C00120,2023-08-25,Phone,5,23,1
C00120,2023-05-09,Web Chat,4,10,0
C00120,2023-01-09,Email,4,10,0
C00120,2024-06-21,Email,5,5,1
C00121,2023-09-19,Web Chat,3,10,1
C00121,2023-11-18,Phone,3,56,1
C00121,2023-10-10,Web Chat,5,14,1
C00121,2024-06-14,Web Chat,4,16,1
C00122,2024-09-12,Email,4,4,1
C00122,2023-06-28,Email,4,8,1
C00123,2023-04-05,Phone,4,31,0
C00123,2023-01-10,Web Chat,5,16,1
C00123,2024-08-14,Phone,3,56,1
C00123,2023-12-14,Phone,1,24,1
C00123,2023-06-08,Web Chat,4,7,1
C00124,2023-07-14,Web Chat,5,10,1
C00124,2024-09-08,Web Chat,4,12,0
C00124,2023-03-26,Email,5,6,1
C00125,2023-09-03,Phone,5,39,1
C00125,2024-08-10,Web Chat,3,8,1
C00125,2023-05-24,Email,5,15,1
C00125,2024-01-04,Web Chat,5,12,1
C00126,2023-06-19,Email,4,18,1
C00126,2024-07-23,Email,2,14,1
C00126,2023-10-16,Phone,3,51,1
C00126,2023-08-14,Web Chat,5,11,0
C00127,2024-07-09,Phone,3,17,1
C00128,2023-09-19,Email,2,15,1
C00128,2023-12-15,Web Chat,4,13,1
C00128,2024-12-14,Web Chat,5,18,1
C00128,2024-12-14,Email,2,13,1
C00128,2024-03-27,Email,5,5,0
C00129,2023-07-15,Web Chat,3,14,1
C00129,2023-09-01,Web Chat,5,6,0
C00129,2024-11-15,Email,2,14,0
C00130,2023-02-13,Email,5,19,1
C00130,2024-05-24,Web Chat,3,8,1
C00131,2024-02-06,Email,3,3,1
C00131,2023-02-23,Email,3,10,1
C00131,2024-11-23,Phone,2,36,0
C00131,2023-11-22,Phone,3,15,1
C00131,2024-01-28,Phone,2,54,1
C00132,2024-06-08,Web Chat,5,13,1
C00132,2023-03-10,Email,4,10,1
C00133,2024-07-05,Phone,3,36,1
C00133,2024-09-17,Web Chat,4,11,1
C00133,2023-08-08,Email,3,15,1
C00134,2024-07-24,Phone,5,35,1
C00134,2024-11-04,Web Chat,2,13,1
C00134,2024-09-10,Email,5,17,1
C00134,2024-12-05,Web Chat,4,16,1
C00135,2024-03-06,Email,4,17,1
C00135,2024-01-15,Phone,4,47,1
C00136,2023-02-06,Web Chat,4,12,1
C00136,2024-07-22,Email,4,14,1
C00136,2023-09-05,Web Chat,3,10,0
C00136,2024-10-26,Web Chat,5,18,1
C00137,2023-10-01,Web Chat,4,8,1
C00137,2023-06-23,Email,4,18,0
C00138,2024-03-16,Web Chat,5,3,1
C00138,2023-09-14,Web Chat,3,7,0
C00138,2024-11-17,Web Chat,4,10,0
C00138,2024-10-16,Email,5,7,1
C00139,2023-11-11,Phone,5,55,1
C00140,2023-09-14,Web Chat,5,5,1
C00140,2023-12-07,Phone,2,53,0
C00140,2024-05-18,Web Chat,3,15,1
C00141,2023-06-10,Web Chat,4,8,0
C00141,2024-08-16,Phone,4,32,1
C00141,2023-05-15,Web Chat,3,10,1
C00142,2024-12-07,Phone,4,16,1
C00142,2023-02-13,Phone,5,55,0
C00143,2023-08-18,Phone,1,52,1
C00143,2023-12-15,Email,4,8,1
C00144,2023-04-20,Web Chat,4,5,0
C00144,2024-11-05,Web Chat,3,5,0
C00144,2023-06-04,Web Chat,5,13,1
C00145,2023-08-13,Web Chat,2,6,1
C00145,2024-10-09,Email,5,18,1
C00145,2024-09-12,Email,5,16,1
C00146,2024-01-16,Web Chat,3,14,1
C00147,2023-10-03,Web Chat,1,12,0
C00147,2023-11-16,Phone,4,33,1
C00147,2023-12-25,Email,3,15,1
C00147,2024-07-10,Web Chat,2,10,0
C00148,2024-07-09,Email,2,8,1
C00148,2023-11-13,Email,3,9,1
C00149,2024-07-19,Web Chat,4,16,1
C00149,2023-06-02,Web Chat,5,13,1
C00149,2024-07-18,Phone,2,21,1
C00149,2024-11-09,Email,2,17,0
C00150,2024-05-11,Web Chat,2,5,1
C00150,2024-09-10,Web Chat,4,12,0
C00150,2023-02-07,Email,2,8,1
C00151,2023-01-07,Web Chat,3,4,1
C00151,2023-05-04,Phone,5,19,0
C00152,2023-07-05,Phone,2,32,1
C00152,2023-12-16,Web Chat,5,15,1
C00152,2024-05-16,Phone,3,26,1
C00152,2024-12-10,Phone,5,21,1
C00153,2024-10-19,Web Chat,5,5,0
C00153,2024-03-01,Email,3,12,1
C00153,2023-02-17,Phone,2,15,1
C00153,2024-12-14,Email,4,17,1
C00153,2023-05-03,Email,4,17,1
C00153,2023-10-09,Phone,5,59,0
C00153,2024-01-12,Web Chat,5,9,1
C00154,2024-02-28,Email,4,3,1
C00154,2024-07-11,Email,4,8,1
C00155,2023-02-08,Email,4,11,1
C00156,2023-08-25,Web Chat,3,6,1
C00157,2023-01-26,Email,3,9,1
C00157,2023-01-02,Email,4,17,1
C00158,2023-10-28,Phone,5,45,1
C00158,2023-11-07,Email,3,11,1
C00158,2023-03-06,Email,4,11,1
C00159,2023-08-08,Phone,4,29,1
C00159,2023-04-18,Email,2,10,1
C00160,2023-06-20,Email,3,10,1
C00160,2024-01-17,Web Chat,2,6,1
C00161,2023-06-15,Web Chat,5,19,1
C00161,2024-03-23,Email,3,15,0
C00161,2024-07-11,Phone,4,39,1
C00161,2024-08-28,Phone,2,42,1
C00162,2024-12-01,Web Chat,5,15,1
C00162,2024-03-23,Web Chat,4,5,1
C00162,2024-03-17,Web Chat,2,16,0
C00162,2023-02-01,Email,4,19,1
C00162,2023-08-02,Web Chat,4,19,1
C00163,2024-02-20,Email,1,5,1
C00163,2024-08-21,Email,4,9,1
C00163,2024-08-21,Phone,4,23,1
C00163,2024-04-15,Email,5,8,0
C00163,2024-07-24,Phone,4,33,1
C00164,2023-09-20,Email,3,11,1
C00164,2023-09-16,Email,3,9,1
C00164,2024-07-21,Web Chat,3,16,1
C00164,2024-04-28,Web Chat,2,7,1
C00164,2023-04-14,Web Chat,3,18,1
C00164,2024-10-22,Phone,4,37,1
C00165,2024-09-04,Email,5,8,1
C00165,2023-12-17,Email,5,14,0
C00165,2024-03-15,Phone,3,46,1
C00165,2024-06-21,Web Chat,5,17,1
C00166,2023-07-13,Phone,4,18,1
C00167,2024-08-03,Web Chat,1,10,1
C00167,2024-09-21,Email,2,3,1
C00168,2023-02-13,Email,4,7,1
C00168,2024-01-24,Web Chat,2,15,1
C00169,2024-08-14,Email,2,11,1
C00169,2023-10-09,Web Chat,2,16,1
C00169,2023-02-23,Phone,5,50,1
C00169,2024-11-05,Email,5,18,0
C00169,2023-04-12,Phone,2,20,1
C00170,2024-07-09,Email,4,5,1
C00170,2023-11-03,Web Chat,4,5,0
C00170,2023-01-24,Email,3,17,1
C00171,2024-06-07,Email,2,3,1
C00171,2024-11-07,Email,1,5,1
C00171,2024-05-08,Email,5,9,1
C00171,2023-10-23,Email,4,14,0
C00171,2023-03-22,Phone,4,45,1
C00172,2023-05-16,Phone,5,32,1
C00172,2024-07-15,Email,3,5,1
C00173,2023-05-25,Phone,5,16,1
C00173,2024-11-19,Phone,5,41,1
C00173,2023-04-03,Phone,5,52,1
C00173,2023-08-13,Web Chat,4,12,1
C00174,2024-12-08,Email,1,11,0
C00174,2023-01-25,Web Chat,4,6,0
C00174,2023-10-24,Web Chat,4,6,1
C00175,2024-12-27,Web Chat,5,11,1
C00175,2024-03-20,Web Chat,4,13,1
C00175,2024-08-05,Email,2,12,1
C00176,2024-11-18,Web Chat,5,6,1
C00176,2024-11-14,Web Chat,5,13,1
C00176,2023-08-14,Phone,4,44,0
C00177,2024-06-15,Email,4,16,1
C00177,2024-05-04,Web Chat,5,3,1
C00177,2024-11-21,Web Chat,5,4,0
C00177,2023-01-15,Phone,5,18,1
C00178,2023-04-08,Phone,3,55,1
C00178,2023-04-02,Phone,3,55,1
C00178,2024-03-16,Phone,4,20,1
C00179,2023-09-26,Web Chat,4,14,1
C00179,2023-01-16,Web Chat,1,14,0
C00179,2023-07-24,Web Chat,4,10,1
C00180,2024-08-14,Email,3,3,1
C00180,2023-04-14,Email,3,13,0
C00180,2023-09-02,Phone,1,55,1
C00181,2023-06-05,Web Chat,4,17,0
C00181,2023-01-18,Email,5,16,1
C00182,2024-09-17,Web Chat,5,9,1
C00183,2023-10-15,Email,4,9,1
C00183,2023-12-08,Email,3,6,1
C00183,2023-04-01,Phone,5,55,1
C00184,2024-05-03,Email,3,4,1
C00184,2023-10-24,Phone,3,40,1
C00185,2024-08-18,Web Chat,2,7,0
C00185,2024-08-12,Email,5,11,1
C00185,2023-01-03,Web Chat,5,4,1
C00185,2023-07-15,Web Chat,5,7,1
C00186,2024-05-10,Phone,3,26,1
C00186,2024-01-26,Email,3,17,0
C00186,2024-12-23,Phone,2,36,1
C00186,2024-02-17,Email,4,11,0
C00186,2024-05-03,Phone,4,25,1
C00187,2023-01-27,Phone,3,47,1
C00187,2023-02-19,Web Chat,3,19,0
C00187,2024-06-28,Phone,3,24,1
C00187,2024-10-22,Web Chat,1,12,1
C00187,2023-03-15,Email,1,3,1
C00187,2024-10-22,Phone,4,35,1
C00188,2024-04-28,Email,2,5,1
C00188,2024-12-06,Phone,5,17,0
C00188,2023-08-14,Web Chat,5,11,1
C00189,2023-08-19,Phone,5,48,1
C00190,2023-01-21,Phone,5,58,0
C00190,2023-01-28,Phone,4,45,1
C00190,2024-10-20,Email,4,13,1
C00191,2024-10-11,Web Chat,5,9,1
C00191,2024-04-01,Phone,3,33,1
C00192,2024-10-16,Phone,5,53,1
C00193,2024-06-08,Phone,4,59,1
C00193,2023-11-26,Email,4,8,1
C00194,2024-10-28,Phone,3,45,1
C00194,2024-04-06,Phone,4,28,1
C00194,2023-01-21,Web Chat,2,10,1
C00195,2024-10-18,Email,3,13,0
C00195,2024-12-08,Email,3,8,1
C00195,2023-10-07,Email,2,9,1
C00195,2023-08-10,Web Chat,2,19,1
C00196,2024-06-11,Web Chat,3,15,1
C00196,2024-07-16,Web Chat,4,5,0
C00196,2023-04-01,Phone,2,58,1
C00196,2024-06-24,Email,3,18,1
C00197,2024-12-19,Phone,5,48,1
C00197,2024-09-16,Web Chat,4,15,1
C00197,2023-10-16,Web Chat,2,4,1
C00197,2023-12-08,Email,5,5,1
C00197,2023-02-12,Web Chat,4,11,0
C00198,2023-03-19,Web Chat,5,14,1
C00199,2023-04-10,Email,5,13,1
C00200,2023-11-17,Web Chat,3,17,1
C00200,2023-04-13,Email,3,11,1
C00200,2023-05-28,Web Chat,4,12,0
C00201,2024-11-21,Email,5,9,1
C00202,2024-03-27,Email,2,5,1
C00202,2024-04-26,Email,3,12,1
C00203,2023-01-23,Email,2,9,1
C00203,2023-07-21,Email,2,15,1
C00203,2024-07-11,Phone,4,19,1
C00204,2024-12-28,Email,3,14,1
C00204,2023-07-12,Web Chat,4,6,1
C00205,2024-10-20,Email,3,5,1
C00206,2024-06-02,Phone,4,17,1
C00206,2023-12-10,Web Chat,4,3,0
C00206,2024-02-12,Phone,3,46,1
C00207,2024-07-07,Email,5,5,1
C00207,2024-07-16,Web Chat,4,17,1
C00208,2024-10-13,Phone,4,44,1
C00208,2023-01-04,Web Chat,5,8,1
C00208,2023-12-13,Web Chat,3,4,1
C00208,2024-10-11,Phone,5,55,1
C00208,2023-04-22,Phone,3,59,1
C00209,2023-11-03,Web Chat,1,14,1
C00209,2023-07-23,Web Chat,4,19,1
C00210,2023-04-15,Email,4,15,1
C00211,2024-05-22,Web Chat,3,12,1
C00211,2024-10-10,Email,5,9,1
C00211,2024-11-12,Phone,4,59,1
C00212,2023-05-28,Web Chat,2,17,1
C00212,2024-03-04,Phone,4,45,1
C00212,2023-11-01,Web Chat,3,17,1
C00212,2023-02-10,Email,4,11,1
C00212,2023-11-04,Web Chat,3,9,1
C00212,2023-11-06,Web Chat,3,9,1
C00212,2023-07-01,Web Chat,1,18,0
C00213,2023-07-20,Web Chat,4,10,1
C00213,2024-07-11,Phone,3,27,0
C00213,2024-08-27,Email,5,6,1
C00213,2024-05-22,Email,5,16,0
C00214,2023-07-08,Web Chat,3,14,1
C00215,2023-10-19,Phone,2,26,1
C00215,2023-10-14,Email,2,6,1
C00216,2024-05-22,Web Chat,3,6,1
C00216,2024-12-04,Email,2,19,1
C00216,2023-09-04,Email,2,18,0
C00216,2024-12-18,Web Chat,4,14,1
C00216,2024-09-04,Email,3,14,1
C00216,2023-07-05,Phone,3,27,1
C00216,2023-01-18,Phone,3,34,1
C00217,2023-11-22,Phone,3,42,1
C00218,2023-11-19,Web Chat,3,6,1
C00218,2023-09-06,Email,4,16,1
C00219,2023-04-17,Web Chat,3,7,1
C00219,2024-11-07,Web Chat,2,18,1
C00219,2023-05-13,Phone,2,55,1
C00219,2024-10-18,Email,2,19,1
C00220,2024-06-13,Email,4,7,1
C00220,2024-01-26,Web Chat,3,18,1
C00220,2024-09-27,Phone,5,26,1
C00220,2023-10-12,Phone,4,47,1
C00221,2023-10-22,Web Chat,3,12,1
C00221,2024-11-13,Email,5,11,0
C00222,2023-07-15,Phone,4,43,0
C00222,2024-03-23,Web Chat,1,14,1
C00222,2023-07-13,Email,5,19,1
C00223,2023-12-17,Web Chat,3,19,1
C00223,2024-06-14,Email,4,3,1
C00223,2023-07-18,Web Chat,3,4,1
C00223,2024-02-25,Phone,3,27,1
C00223,2023-04-27,Web Chat,4,19,1
C00223,2024-04-23,Web Chat,1,13,1
C00224,2023-06-28,Email,3,17,0
C00224,2023-01-11,Email,3,9,1
C00224,2024-02-01,Web Chat,3,8,0
C00224,2024-06-13,Phone,2,44,0
C00225,2023-09-03,Email,3,7,0
C00225,2023-03-15,Phone,5,47,1
C00225,2023-10-19,Web Chat,3,9,1
C00226,2023-01-13,Email,3,9,1
C00226,2024-08-07,Email,5,13,1
C00227,2023-05-18,Web Chat,4,4,1
C00227,2023-02-07,Web Chat,3,6,1
C00227,2023-01-20,Web Chat,1,13,1
C00228,2024-12-18,Email,5,12,0
C00228,2024-09-02,Email,4,13,1
C00228,2023-10-08,Phone,4,58,1
C00229,2024-03-03,Web Chat,4,4,1
C00229,2024-10-09,Web Chat,3,13,1
C00230,2024-03-28,Email,3,19,1
C00230,2024-03-04,Phone,3,23,1
C00230,2023-09-05,Web Chat,4,8,1
C00230,2024-04-18,Web Chat,3,4,1
C00231,2024-07-24,Web Chat,5,16,1
C00231,2023-08-15,Email,3,19,1
C00231,2024-01-22,Phone,4,41,1
C00232,2024-08-09,Web Chat,5,5,1
C00232,2023-02-13,Phone,4,46,1
C00232,2023-08-15,Web Chat,4,11,1
C00233,2023-11-17,Email,3,8,1
C00233,2023-12-27,Web Chat,3,4,1
C00233,2024-01-22,Phone,3,57,1
C00233,2024-01-18,Phone,4,18,1
C00234,2024-07-26,Web Chat,2,10,1
C00234,2023-04-23,Phone,3,39,0
C00234,2024-08-13,Web Chat,3,11,1
C00234,2024-08-05,Email,3,6,1
C00234,2024-10-08,Web Chat,3,5,1
C00235,2023-01-18,Phone,5,33,1
C00235,2023-09-26,Web Chat,5,11,0
C00235,2024-04-19,Phone,2,52,1
C00236,2024-07-25,Phone,2,29,1
C00236,2023-07-09,Web Chat,5,7,1
C00236,2023-12-21,Phone,5,20,1
C00236,2024-06-19,Phone,3,19,1
C00237,2024-10-17,Phone,3,19,0
C00237,2024-04-21,Web Chat,2,13,0
C00237,2024-07-02,Email,2,9,1
C00237,2023-11-20,Web Chat,3,4,1
C00238,2023-02-02,Phone,4,23,1
C00238,2023-05-24,Email,4,13,1
C00238,2023-02-10,Phone,5,16,1
C00238,2023-12-06,Phone,5,55,0
C00239,2024-06-25,Email,4,14,1
C00239,2023-11-17,Web Chat,1,12,1
C00239,2023-10-20,Web Chat,3,9,1
C00239,2024-11-12,Web Chat,3,14,1
C00239,2024-12-13,Email,4,17,1
C00240,2024-07-21,Email,3,19,0
C00240,2024-06-03,Email,5,17,1
C00241,2023-05-26,Web Chat,3,17,1
C00241,2024-12-01,Email,4,13,1
C00242,2024-11-09,Phone,3,35,1
C00242,2023-01-21,Email,2,10,1
C00243,2023-03-28,Phone,4,18,1
C00243,2023-08-18,Phone,5,55,1
C00244,2023-02-06,Email,3,8,0
C00244,2023-06-03,Email,4,12,1
C00244,2023-03-05,Phone,3,45,1
C00245,2024-12-21,Web Chat,3,10,1
C00245,2024-02-14,Email,5,9,1
C00245,2024-07-02,Email,5,4,1
C00246,2024-07-19,Email,4,12,1
C00246,2023-03-26,Phone,3,44,0
C00246,2024-12-20,Phone,4,53,1
C00246,2023-04-14,Email,3,11,1
C00246,2024-05-04,Email,4,11,0
C00247,2024-12-19,Phone,3,26,1
C00247,2023-02-17,Phone,1,55,1
C00247,2024-03-11,Email,3,4,1
C00247,2024-02-07,Web Chat,1,13,1
C00248,2023-10-07,Web Chat,3,17,1
C00248,2024-05-23,Phone,3,45,1
C00248,2024-04-10,Email,4,13,1
C00248,2023-09-09,Email,3,19,1
C00249,2023-06-12,Phone,2,18,1
C00249,2024-08-24,Web Chat,4,9,1
C00249,2023-11-12,Email,5,6,1
C00249,2024-12-16,Phone,5,59,1
C00250,2023-04-22,Web Chat,4,18,1
C00251,2023-06-03,Phone,4,24,1
C00252,2023-10-03,Web Chat,4,5,1
C00252,2023-12-23,Phone,5,40,1
C00252,2024-03-10,Web Chat,2,12,0
C00252,2023-10-11,Email,2,4,1
C00253,2023-11-12,Phone,3,34,1
C00253,2024-02-21,Phone,3,49,1
C00253,2024-02-12,Phone,3,50,1
C00253,2023-12-11,Web Chat,5,5,1
C00254,2023-05-23,Phone,3,38,1
C00254,2023-09-25,Phone,3,28,1
C00254,2024-06-27,Email,4,5,1
C00254,2024-03-05,Email,3,14,1
C00254,2023-04-19,Email,3,3,1
C00254,2024-10-25,Phone,3,45,1
C00254,2024-05-10,Web Chat,4,15,1
C00255,2024-01-02,Web Chat,4,12,0
C00256,2023-01-10,Email,3,7,0
C00256,2024-03-23,Phone,3,54,1
C00257,2023-08-03,Phone,4,46,0
C00257,2024-07-12,Phone,4,52,1
C00257,2024-08-20,Web Chat,5,16,1
C00257,2023-08-07,Web Chat,5,17,1
C00257,2024-06-18,Email,5,15,1
C00257,2023-07-25,Phone,5,24,1
C00257,2024-04-21,Web Chat,5,7,1
C00257,2024-08-13,Phone,4,21,0
C00258,2023-01-21,Email,4,4,1
C00258,2024-08-05,Phone,3,19,0
C00259,2023-06-03,Web Chat,4,19,1
C00259,2023-07-20,Phone,4,44,1
C00260,2024-03-10,Web Chat,5,17,1
C00260,2024-07-08,Email,2,16,1
C00260,2024-03-14,Web Chat,5,10,1
C00260,2024-04-20,Phone,3,36,0
C00261,2024-12-04,Email,5,13,0
C00261,2023-04-16,Web Chat,4,6,1
C00261,2023-07-14,Phone,4,21,1
C00262,2024-02-06,Web Chat,4,10,1
C00262,2023-12-12,Phone,4,57,0
C00262,2024-10-08,Email,4,5,1
C00262,2023-09-01,Phone,3,44,1
C00263,2024-08-01,Web Chat,3,4,1
C00263,2023-05-22,Phone,3,51,1
C00263,2023-02-22,Web Chat,3,16,1
C00264,2024-03-24,Phone,4,25,1
C00264,2024-07-25,Email,2,18,0
C00264,2023-10-22,Email,3,19,1
C00265,2023-03-07,Phone,3,21,1
C00265,2024-11-11,Email,5,14,1
C00265,2023-10-06,Web Chat,2,9,1
C00266,2023-06-27,Phone,2,25,0
C00267,2024-08-06,Web Chat,2,4,1
C00267,2024-09-27,Web Chat,4,7,1
C00267,2023-03-05,Phone,4,31,1
C00267,2023-05-13,Phone,4,29,1
C00267,2023-04-22,Email,2,17,1
C00267,2023-04-11,Phone,3,28,1
C00268,2023-12-23,Web Chat,3,11,1
C00268,2024-10-24,Phone,5,34,1
C00268,2024-12-10,Web Chat,4,9,1
C00269,2023-02-05,Email,5,5,1
C00269,2024-08-23,Email,5,3,0
C00269,2024-08-28,Web Chat,2,13,1
C00269,2024-03-24,Web Chat,5,11,1
C00270,2023-07-20,Email,3,9,1
C00270,2024-12-15,Email,3,19,1
C00270,2023-02-10,Phone,3,47,1
C00270,2024-03-21,Web Chat,2,12,0
C00271,2023-04-15,Web Chat,4,19,1
C00271,2023-08-24,Phone,4,59,1
C00271,2023-09-18,Email,5,19,0
C00271,2023-01-26,Phone,4,18,1
C00271,2023-06-21,Email,3,3,0
C00272,2023-08-24,Phone,3,25,1
C00272,2024-01-17,Phone,3,57,1
C00273,2024-06-14,Email,3,16,0
C00273,2024-02-10,Phone,4,22,1
C00273,2024-02-12,Email,3,19,1
C00273,2023-04-09,Phone,5,25,1
C00274,2023-09-15,Email,3,4,1
C00275,2024-02-23,Phone,5,38,1
C00275,2024-06-19,Email,5,5,0
C00276,2024-04-07,Web Chat,3,11,1
C00276,2023-06-08,Web Chat,5,12,0
C00277,2024-11-15,Web Chat,3,17,1
C00277,2024-08-07,Phone,4,56,0
C00277,2023-01-20,Web Chat,3,5,0
C00277,2023-10-02,Phone,2,26,1
C00277,2023-05-21,Web Chat,4,8,0
C00277,2023-05-07,Web Chat,3,17,1
C00278,2024-02-13,Email,3,16,1
C00278,2023-11-07,Web Chat,3,13,1
C00278,2024-01-26,Web Chat,5,18,1
C00278,2023-08-07,Web Chat,4,14,1
C00279,2024-10-10,Web Chat,3,15,1
C00280,2024-02-19,Web Chat,3,14,1
C00280,2023-08-19,Web Chat,4,5,1
C00280,2023-04-05,Email,5,4,1
C00281,2023-06-28,Web Chat,4,11,1
C00282,2023-03-20,Web Chat,2,3,1
C00282,2024-04-02,Phone,2,19,0
C00282,2023-04-02,Email,2,17,1
C00283,2023-02-17,Email,1,9,1
C00283,2024-12-18,Phone,4,53,1
C00283,2024-05-05,Email,3,19,0
C00283,2024-02-11,Phone,2,46,1
C00284,2024-10-08,Email,4,16,1
C00284,2024-05-09,Web Chat,3,7,1
C00284,2024-07-15,Email,5,12,1
C00284,2023-12-01,Email,4,4,1
C00284,2024-02-26,Email,2,4,1
C00285,2023-11-27,Email,3,11,1
C00285,2024-08-06,Phone,5,36,0
C00285,2024-05-22,Email,2,15,1
C00286,2023-06-23,Phone,3,57,1
C00286,2023-01-12,Email,4,19,1
C00287,2023-02-02,Phone,3,37,0
C00287,2023-01-26,Email,5,3,0
C00287,2023-04-27,Web Chat,3,18,1
C00288,2023-02-20,Email,3,17,1
C00288,2024-10-26,Web Chat,3,11,1
C00288,2024-03-15,Email,4,15,1
C00288,2023-05-15,Email,4,5,1
C00288,2024-11-04,Email,4,8,1
C00288,2023-06-17,Email,5,3,1
C00289,2024-04-05,Web Chat,5,5,1
C00290,2024-07-05,Web Chat,1,16,1
C00290,2023-11-27,Phone,5,16,0
C00290,2024-07-05,Web Chat,1,6,1
C00291,2023-11-13,Phone,2,53,0
C00291,2024-02-05,Phone,5,45,0
C00291,2024-03-18,Phone,1,49,1
C00292,2023-11-21,Email,4,18,1
C00293,2023-08-11,Web Chat,4,14,1
C00293,2024-06-12,Web Chat,5,16,1
C00294,2024-05-07,Web Chat,4,7,1
C00294,2024-07-16,Web Chat,2,4,0
C00294,2023-08-27,Phone,4,23,1
C00295,2023-08-23,Web Chat,4,14,1
C00295,2024-06-24,Email,4,16,0
C00295,2023-10-08,Web Chat,5,10,0
C00296,2023-02-14,Phone,4,22,1
C00296,2023-02-26,Web Chat,4,4,1
C00296,2024-11-16,Phone,4,34,1
C00296,2023-10-06,Phone,4,29,0
C00297,2023-11-24,Email,3,15,1
C00297,2024-11-20,Email,4,14,1
C00297,2024-12-10,Phone,3,16,1
C00297,2024-02-18,Email,1,8,1
C00298,2023-04-04,Web Chat,3,7,1
C00298,2023-03-27,Phone,4,58,1
C00298,2024-10-03,Web Chat,5,4,1
C00299,2023-06-15,Email,5,4,1
C00299,2024-04-05,Web Chat,5,4,1
C00300,2023-07-26,Web Chat,2,4,1
C00300,2023-03-06,Web Chat,2,5,1
C00300,2023-06-16,Phone,1,28,0
C00301,2024-02-07,Web Chat,4,11,1
C00301,2023-11-08,Email,3,6,1
C00301,2024-04-01,Web Chat,4,3,1
C00302,2024-09-24,Web Chat,4,6,1
C00302,2023-02-14,Phone,2,32,1
C00302,2023-11-11,Phone,5,43,1
C00303,2023-09-13,Phone,1,59,1
C00303,2023-07-05,Email,2,12,1
C00303,2023-06-18,Phone,2,38,1
C00303,2024-08-18,Phone,3,25,1
C00304,2024-07-28,Web Chat,5,9,1
C00304,2023-12-01,Email,4,19,1
C00304,2024-04-08,Phone,3,16,1
C00305,2023-05-02,Web Chat,3,17,1
C00305,2023-09-13,Phone,4,32,1
C00305,2023-05-04,Email,3,5,1
C00306,2024-09-12,Phone,3,45,1
C00306,2023-04-21,Web Chat,1,13,1
C00306,2023-07-23,Web Chat,2,11,1
C00307,2023-01-18,Web Chat,3,3,1
C00307,2024-01-12,Phone,5,44,1
C00307,2023-09-01,Phone,2,42,1
C00307,2023-07-05,Email,4,12,0
C00308,2023-07-13,Phone,5,19,1
C00308,2023-04-05,Web Chat,3,11,0
C00309,2024-10-21,Phone,3,53,0
C00309,2024-09-25,Email,2,9,1
C00309,2023-07-16,Phone,4,50,1
C00309,2023-06-24,Phone,4,55,1
C00310,2024-08-21,Web Chat,4,8,1
C00310,2024-09-21,Email,3,15,0
C00310,2024-06-17,Phone,5,46,1
C00310,2024-08-20,Email,4,4,1
C00310,2024-09-03,Phone,2,51,1
C00310,2024-08-17,Email,3,18,0
C00311,2023-05-11,Email,3,5,0
C00312,2024-07-15,Phone,4,47,1
C00312,2024-09-12,Phone,3,23,0
C00313,2023-05-18,Phone,3,26,1
C00313,2024-11-14,Web Chat,3,13,1
C00314,2023-08-20,Phone,3,54,1
C00314,2024-01-27,Web Chat,2,9,1
C00314,2024-09-16,Web Chat,3,9,1
C00314,2023-04-11,Email,5,10,1
C00314,2023-05-22,Email,3,18,1
C00314,2024-03-20,Web Chat,2,19,1
C00315,2023-07-12,Web Chat,2,14,0
C00315,2023-12-26,Web Chat,2,3,1
C00315,2023-05-20,Web Chat,3,10,1
C00315,2024-12-22,Email,3,17,0
C00315,2024-06-21,Phone,4,21,0
C00316,2023-12-03,Web Chat,5,15,0
C00316,2023-11-28,Web Chat,3,15,0
C00316,2024-03-18,Email,3,11,1
C00317,2024-06-18,Email,3,12,1
C00318,2023-05-28,Web Chat,4,19,1
C00318,2024-11-08,Phone,4,56,1
C00318,2023-07-23,Email,4,18,0
C00318,2023-05-08,Email,3,9,1
C00319,2023-09-12,Email,4,3,1
C00319,2023-07-10,Email,4,16,1
C00320,2024-05-28,Phone,5,51,0
C00320,2024-04-26,Email,2,19,1
C00320,2024-01-02,Email,1,3,1
C00320,2024-10-07,Web Chat,2,12,0
C00321,2024-11-20,Phone,3,34,1
C00321,2023-02-10,Web Chat,3,6,1
C00321,2023-07-22,Web Chat,2,17,1
C00321,2024-01-24,Email,4,17,1
C00322,2023-02-11,Phone,4,51,1
C00323,2023-05-12,Web Chat,4,18,1
C00323,2023-01-20,Email,5,14,1
C00323,2024-01-27,Phone,4,37,1
C00323,2024-12-23,Web Chat,4,17,0
C00324,2023-03-13,Web Chat,5,17,1
C00324,2024-06-13,Phone,5,20,1
C00324,2024-12-07,Phone,3,27,1
C00324,2024-12-20,Web Chat,3,5,1
C00325,2024-11-04,Phone,2,31,1
C00325,2023-06-18,Phone,3,52,1
C00325,2023-05-23,Phone,3,28,1
C00325,2023-06-26,Email,2,3,1
C00325,2023-12-10,Phone,5,20,1
C00325,2023-10-18,Phone,3,44,1
C00325,2024-02-12,Web Chat,2,6,1
C00326,2024-08-07,Email,4,15,1
C00326,2024-03-11,Phone,3,23,1
C00327,2023-07-01,Web Chat,4,14,1
C00327,2024-02-25,Email,5,11,1
C00327,2024-01-07,Web Chat,5,19,0
C00327,2023-11-19,Web Chat,5,4,1
C00327,2024-01-10,Web Chat,5,15,1
C00327,2024-03-05,Email,3,7,1
C00328,2024-04-07,Email,2,4,1
C00328,2024-05-10,Web Chat,4,4,0
C00329,2024-10-14,Email,3,5,1
C00329,2024-07-11,Email,4,13,1
C00330,2024-02-06,Web Chat,2,16,1
C00330,2024-01-08,Email,4,9,0
C00330,2023-06-11,Phone,5,49,1
C00330,2024-09-04,Phone,3,58,1
C00331,2023-06-22,Email,2,7,1
C00331,2023-05-20,Phone,3,26,1
C00331,2024-05-16,Phone,4,28,0
C00331,2024-10-18,Web Chat,2,5,1
C00332,2023-09-02,Email,3,9,1
C00332,2023-09-25,Phone,4,51,0
C00333,2023-01-08,Phone,1,21,1
C00333,2024-06-05,Web Chat,2,7,1
C00333,2023-06-02,Phone,5,22,1
C00333,2023-03-24,Email,3,19,1
C00334,2023-06-05,Email,5,17,1
C00335,2024-09-07,Phone,4,39,1
C00335,2024-07-07,Phone,3,28,0
C00335,2024-03-09,Phone,5,22,1
C00335,2024-06-26,Phone,3,41,0
C00336,2023-07-05,Email,4,14,1
C00336,2023-12-17,Phone,3,28,0
C00336,2023-12-24,Phone,3,30,1
C00337,2023-02-25,Web Chat,2,12,1
C00337,2023-11-13,Phone,4,45,1
C00338,2023-01-12,Phone,3,27,1
C00338,2024-09-15,Email,3,9,1
C00339,2023-08-08,Web Chat,4,3,1
C00339,2024-10-24,Email,5,12,1
C00340,2023-08-27,Email,5,5,0
C00340,2023-11-04,Web Chat,2,6,1
C00340,2024-11-23,Phone,3,47,1
C00341,2024-06-07,Email,5,11,1
C00341,2024-08-16,Web Chat,5,9,1
C00341,2024-11-02,Phone,4,43,1
C00341,2023-04-02,Web Chat,5,7,1
C00341,2024-08-15,Web Chat,4,18,0
C00342,2024-10-24,Phone,4,31,1
C00342,2023-07-20,Phone,3,57,1
C00342,2024-07-14,Web Chat,3,10,1
C00342,2024-06-19,Email,2,7,1
C00342,2023-10-15,Phone,3,50,1
C00343,2023-04-18,Web Chat,3,11,1
C00343,2024-02-23,Phone,2,22,1
C00343,2024-01-14,Phone,3,25,1
C00343,2023-08-27,Email,2,16,1
C00343,2024-06-26,Email,3,6,1
C00344,2024-02-14,Phone,5,58,1
C00345,2023-05-10,Email,3,9,1
C00345,2024-04-07,Email,3,7,1
C00345,2024-10-25,Phone,2,42,1
C00345,2024-05-11,Web Chat,4,10,1
C00346,2023-01-09,Phone,2,35,1
C00346,2023-04-15,Email,4,4,1
C00347,2023-11-07,Email,3,4,1
C00347,2023-04-13,Phone,4,23,0
C00347,2023-12-03,Email,4,17,1
C00347,2023-10-17,Web Chat,3,16,0
C00347,2023-12-01,Phone,3,53,1
C00348,2023-02-05,Phone,3,59,1
C00348,2023-04-27,Phone,5,36,1
C00348,2023-01-06,Web Chat,3,9,0
C00348,2024-03-24,Phone,3,19,1
C00349,2024-12-07,Email,4,15,1
C00349,2023-09-17,Web Chat,2,8,1
C00349,2023-07-07,Web Chat,3,17,0
C00350,2023-07-11,Email,4,11,0
C00350,2024-03-06,Phone,3,51,0
C00350,2023-08-21,Email,3,18,1
C00350,2024-10-13,Phone,4,30,1
C00351,2024-01-28,Phone,5,49,1
C00351,2024-01-01,Web Chat,1,18,1
C00351,2024-01-05,Web Chat,4,11,0
C00351,2023-11-05,Email,3,11,1
C00351,2023-10-12,Web Chat,2,17,1
C00351,2024-07-27,Phone,4,48,1
C00352,2023-07-22,Phone,4,47,1
C00352,2023-06-16,Web Chat,3,8,1
C00352,2023-01-21,Email,4,4,1
C00352,2024-06-22,Phone,5,29,1
C00353,2024-11-25,Phone,2,50,1
C00354,2024-02-16,Web Chat,5,12,1
C00354,2023-06-07,Phone,3,32,1
C00355,2024-10-04,Email,5,8,1
C00355,2024-02-18,Web Chat,2,8,1
C00356,2024-11-21,Web Chat,2,9,1
C00357,2024-01-04,Phone,4,38,1
C00357,2024-06-28,Web Chat,4,14,0
C00358,2023-10-15,Web Chat,2,13,1
C00359,2024-04-02,Phone,5,41,1
C00359,2023-03-07,Web Chat,4,4,1
C00359,2023-08-24,Email,5,13,0
C00360,2024-06-01,Email,2,10,1
C00360,2024-11-26,Phone,2,57,1
C00361,2024-09-26,Phone,2,20,0
C00361,2024-02-07,Phone,2,27,1
C00361,2024-04-10,Web Chat,5,17,1
C00361,2024-10-22,Phone,1,21,1
C00361,2024-09-18,Phone,3,32,1
C00362,2024-08-05,Email,4,6,0
C00362,2024-08-26,Phone,4,51,0
C00362,2023-06-09,Web Chat,5,5,1
C00362,2024-05-18,Phone,5,55,1
C00362,2023-10-11,Email,3,9,1
C00363,2023-11-22,Web Chat,5,17,1
C00363,2024-03-07,Phone,2,27,1
C00363,2024-12-27,Phone,1,40,1
C00363,2023-04-15,Web Chat,4,11,1
C00363,2024-06-16,Phone,2,34,1
C00364,2023-12-14,Web Chat,4,11,1
C00364,2023-02-02,Web Chat,1,3,1
C00365,2023-11-15,Phone,4,45,1
C00366,2023-05-10,Phone,5,32,1
C00367,2023-06-03,Web Chat,3,11,1
C00367,2024-03-07,Email,3,11,0
C00368,2024-02-17,Web Chat,2,11,1
C00368,2023-03-23,Web Chat,2,14,1
C00368,2023-02-25,Email,3,16,1
C00369,2023-05-01,Email,4,13,1
C00369,2024-04-28,Web Chat,2,19,1
C00369,2023-11-06,Web Chat,3,18,1
C00370,2024-07-10,Email,3,5,1
C00370,2024-07-06,Email,5,11,1
C00370,2024-03-08,Web Chat,3,16,1
C00370,2024-12-15,Phone,5,24,1
C00371,2024-05-25,Web Chat,5,10,1
C00371,2024-01-20,Email,5,19,1
C00372,2023-06-27,Web Chat,3,8,1
C00372,2024-12-21,Email,4,14,1
C00373,2023-04-14,Email,1,16,0
C00374,2024-01-24,Web Chat,5,17,1
C00374,2023-05-15,Email,5,6,1
C00374,2023-03-16,Email,4,9,0
C00374,2023-03-28,Phone,5,20,1
C00375,2023-05-19,Email,5,4,1
C00375,2024-07-26,Web Chat,5,6,1
C00375,2024-01-27,Email,4,19,0
C00375,2024-07-07,Phone,2,48,1
C00376,2024-12-18,Phone,2,30,1
C00376,2023-12-17,Email,5,5,1
C00376,2024-12-22,Web Chat,3,7,1
C00377,2024-04-20,Web Chat,1,9,1
C00377,2023-02-11,Phone,4,16,0
C00377,2024-10-26,Email,4,16,1
C00378,2023-08-23,Email,3,5,0
C00378,2024-04-21,Phone,4,31,1
C00378,2023-08-21,Email,3,15,1
C00379,2024-10-19,Web Chat,3,6,1
C00379,2024-06-15,Phone,2,42,1
C00379,2023-12-17,Email,3,6,1
C00380,2024-06-02,Email,3,17,1
C00380,2023-02-13,Phone,1,33,0
C00380,2023-03-26,Phone,3,49,1
C00381,2024-07-28,Email,3,3,0
C00381,2024-12-08,Email,4,3,1
C00381,2024-01-21,Web Chat,2,8,1
C00381,2023-12-22,Web Chat,5,14,1
C00381,2023-08-11,Phone,3,27,1
C00382,2024-11-10,Email,3,3,1
C00382,2024-09-01,Phone,2,21,1
C00382,2024-03-15,Web Chat,3,15,1
C00383,2024-11-03,Email,5,6,1
C00383,2024-03-17,Phone,3,59,1
C00383,2024-01-09,Email,2,19,0
C00384,2024-03-12,Email,3,12,1
C00384,2024-08-13,Email,2,7,1
C00384,2023-08-23,Email,2,16,1
C00385,2023-02-08,Web Chat,4,9,1
C00385,2024-05-10,Email,3,10,0
C00386,2024-10-12,Email,5,13,0
C00386,2024-10-10,Email,5,5,1
C00387,2024-09-08,Email,4,19,1
C00387,2023-11-12,Email,5,4,1
C00387,2023-10-10,Email,3,6,1
C00387,2024-06-10,Email,3,5,1
C00388,2023-07-15,Web Chat,5,14,1
C00388,2024-07-25,Email,3,19,1
C00388,2023-11-24,Phone,3,53,1
C00388,2024-12-20,Web Chat,3,6,1
C00388,2024-08-11,Web Chat,5,7,1
C00388,2023-11-02,Phone,2,47,1
C00389,2023-01-24,Phone,4,44,1
C00390,2024-04-06,Phone,3,57,1
C00391,2023-04-10,Web Chat,4,11,1
C00392,2023-10-21,Phone,4,20,1
C00392,2024-01-01,Web Chat,1,17,1
C00392,2023-09-27,Phone,4,51,0
C00393,2024-07-20,Web Chat,5,4,1
C00393,2024-03-25,Web Chat,4,10,1
C00393,2023-04-09,Web Chat,2,3,1
C00394,2024-09-04,Email,3,17,1
C00394,2024-03-18,Email,5,11,1
C00395,2024-09-22,Web Chat,3,7,0
C00395,2023-01-24,Email,3,12,1
C00395,2024-10-11,Email,2,7,0
C00396,2024-04-15,Web Chat,4,16,0
C00396,2024-04-16,Email,5,3,0
C00396,2023-12-01,Phone,5,44,1
C00397,2023-08-04,Email,4,8,0
C00397,2023-09-09,Phone,3,58,1
C00398,2024-04-28,Email,3,18,1
C00399,2023-11-01,Phone,4,18,1
C00399,2023-01-13,Web Chat,5,10,1
C00399,2024-02-26,Web Chat,4,14,1
C00399,2023-11-24,Email,1,13,1
C00399,2023-08-19,Email,4,3,0
C00399,2023-11-04,Web Chat,3,17,1
C00399,2023-04-19,Email,2,15,0
C00399,2024-03-14,Phone,5,17,1
C00400,2023-12-06,Phone,3,23,1
C00400,2024-08-09,Phone,5,40,1
C00400,2024-04-02,Email,3,10,1
C00401,2024-07-08,Web Chat,2,13,1
C00402,2024-07-07,Phone,4,19,0
C00402,2024-10-04,Web Chat,2,12,1
C00403,2024-08-06,Email,5,9,1
C00403,2023-01-20,Web Chat,3,19,1
C00404,2023-03-07,Email,3,19,1
C00404,2024-12-04,Phone,2,46,1
C00404,2024-04-28,Email,3,5,1
C00405,2023-09-26,Phone,4,46,1
C00405,2024-05-09,Web Chat,5,15,1
C00405,2023-08-16,Phone,5,45,1
C00405,2023-10-13,Email,5,10,1
C00406,2023-06-14,Web Chat,1,15,1
C00406,2024-03-28,Web Chat,3,14,1
C00406,2023-08-22,Phone,3,20,0
C00406,2023-02-20,Email,1,5,1
C00406,2023-03-01,Web Chat,3,4,1
C00406,2023-08-02,Web Chat,4,19,1
C00407,2023-04-26,Web Chat,3,9,1
C00407,2023-06-02,Phone,3,33,0
C00408,2023-05-19,Web Chat,3,10,1
C00408,2023-01-12,Email,3,10,1
C00408,2024-01-11,Web Chat,1,5,1
C00409,2024-04-05,Phone,3,56,1
C00409,2023-11-28,Phone,4,24,1
C00409,2023-09-11,Email,3,4,1
C00409,2023-06-03,Email,3,18,1
C00410,2023-10-25,Email,5,8,0
C00410,2024-11-24,Phone,4,37,1
C00410,2023-10-18,Web Chat,3,14,1
C00410,2023-11-05,Phone,3,43,0
C00410,2023-01-14,Email,4,18,1
C00410,2023-03-15,Email,3,8,1
C00411,2024-04-26,Web Chat,3,6,0
C00411,2023-05-04,Web Chat,3,19,1
C00411,2024-05-16,Web Chat,2,7,1
C00411,2024-01-18,Web Chat,1,16,1
C00411,2023-09-28,Web Chat,5,13,1
C00412,2023-06-25,Phone,5,25,1
C00413,2024-09-13,Web Chat,4,18,1
C00413,2024-06-08,Phone,5,18,1
C00413,2024-10-27,Phone,4,39,1
C00413,2024-10-07,Phone,3,26,1
C00414,2023-08-10,Phone,4,21,1
C00414,2024-11-05,Phone,1,51,1
C00414,2024-05-05,Phone,2,28,1
C00415,2024-04-27,Email,4,6,1
C00415,2024-07-16,Phone,3,27,1
C00416,2024-07-16,Email,2,13,1
C00416,2023-08-13,Email,4,19,0
C00417,2023-03-20,Phone,4,24,1
C00417,2024-05-24,Web Chat,4,14,1
C00417,2023-09-19,Phone,4,57,1
C00417,2023-12-19,Phone,5,28,1
C00417,2023-03-17,Email,2,7,1
C00417,2024-12-10,Phone,3,44,1
C00418,2023-03-27,Email,3,16,1
C00418,2023-08-23,Web Chat,2,7,1
C00418,2023-06-18,Email,5,6,1
C00418,2023-06-15,Web Chat,4,11,1
C00418,2024-09-24,Email,5,5,1
C00418,2023-11-02,Email,1,19,0
C00419,2024-11-09,Email,3,13,1
C00419,2024-05-13,Web Chat,4,8,1
C00419,2023-09-17,Phone,2,30,0
C00419,2024-04-10,Email,5,15,1
C00420,2023-11-06,Email,3,10,0
C00420,2023-08-23,Phone,5,18,1
C00421,2023-01-26,Web Chat,4,10,0
C00422,2024-07-14,Phone,4,46,1
C00422,2024-05-17,Phone,2,20,1
C00422,2023-05-08,Phone,3,29,1
C00422,2024-08-05,Email,5,6,1
C00423,2023-06-17,Phone,3,20,0
C00423,2023-10-04,Web Chat,4,12,1
C00423,2023-11-22,Web Chat,5,13,0
C00423,2024-07-03,Email,4,13,1
C00423,2023-03-27,Phone,5,53,1
C00424,2024-03-23,Web Chat,3,11,1
C00424,2024-11-14,Web Chat,3,13,1
C00424,2023-10-12,Web Chat,5,19,1
C00424,2023-10-17,Email,2,7,1
C00425,2023-01-27,Web Chat,4,16,1
C00425,2024-03-11,Email,3,14,0
C00426,2023-04-15,Web Chat,5,11,0
C00426,2023-02-11,Phone,5,38,1
C00426,2023-12-01,Phone,4,30,1
C00427,2024-11-11,Web Chat,2,11,1
C00427,2024-11-02,Phone,3,39,1
C00427,2023-08-26,Email,5,15,1
C00427,2024-08-20,Phone,2,17,1
C00427,2023-03-02,Phone,3,45,1
C00428,2023-05-11,Phone,4,23,1
C00428,2024-03-16,Email,5,8,1
C00428,2023-07-01,Email,4,11,1
C00428,2023-01-26,Email,4,13,1
C00429,2023-01-21,Email,2,12,1
C00429,2023-09-11,Phone,2,39,0
C00429,2023-11-12,Phone,2,24,0
C00430,2024-05-08,Web Chat,3,15,1
C00430,2023-08-08,Web Chat,5,7,0
C00430,2023-03-16,Email,5,19,1
C00431,2024-11-08,Email,5,12,1
C00431,2023-07-22,Web Chat,5,6,0
C00431,2023-04-01,Web Chat,4,17,1
C00432,2023-12-09,Phone,4,42,1
C00432,2024-09-07,Email,5,19,1
C00432,2023-07-27,Phone,3,37,1
C00433,2024-04-13,Email,3,11,1
C00433,2024-08-15,Web Chat,3,18,1
C00434,2024-09-28,Web Chat,2,14,1
C00434,2023-12-02,Email,5,9,1
C00434,2023-05-25,Email,4,12,1
C00434,2024-01-15,Phone,5,57,0
C00434,2023-12-22,Email,2,16,1
C00435,2024-07-04,Phone,4,26,0
C00435,2023-10-08,Phone,1,52,1
C00435,2023-03-10,Phone,2,27,1
C00435,2023-12-07,Web Chat,3,18,1
C00436,2024-02-13,Email,5,16,0
C00436,2023-10-27,Web Chat,5,4,1
C00436,2024-08-23,Email,2,13,1
C00437,2024-11-18,Phone,5,55,1
C00437,2024-10-16,Phone,4,39,1
C00438,2024-04-13,Web Chat,4,4,1
C00438,2023-08-24,Phone,5,43,1
C00438,2023-12-24,Web Chat,5,5,0
C00438,2023-10-23,Email,4,10,1
C00438,2024-01-07,Email,5,19,1
C00438,2024-07-24,Web Chat,2,7,1
C00439,2024-01-12,Phone,4,15,1
C00439,2023-03-15,Email,3,19,1
C00440,2023-06-06,Web Chat,2,19,1
C00440,2023-12-06,Email,2,12,1
C00440,2024-01-18,Phone,4,32,1
C00440,2024-08-25,Web Chat,3,5,0
C00441,2024-04-09,Web Chat,4,6,1
C00441,2024-05-25,Email,5,11,1
C00441,2024-03-22,Phone,4,56,1
C00442,2024-03-20,Email,5,5,0
C00442,2024-05-11,Email,4,14,1
C00442,2024-05-10,Phone,2,59,0
C00442,2024-05-03,Web Chat,5,5,0
C00443,2023-05-09,Email,2,11,1
C00443,2024-03-19,Web Chat,5,5,1
C00444,2024-11-25,Phone,3,25,1
C00444,2023-07-06,Email,5,18,1
C00444,2023-12-16,Email,3,13,1
C00445,2024-07-05,Phone,4,46,1
C00445,2023-03-01,Phone,5,58,1
C00445,2023-09-23,Web Chat,2,19,1
C00445,2024-06-08,Phone,4,29,0
C00446,2024-08-10,Web Chat,1,12,0
C00446,2024-01-11,Email,5,17,1
C00446,2023-06-21,Email,4,18,1
C00446,2024-02-18,Email,5,19,1
C00447,2023-04-21,Email,2,10,0
C00447,2023-12-02,Email,3,19,1
C00447,2023-03-10,Phone,2,15,1
C00447,2023-05-16,Email,2,8,1
C00448,2024-02-24,Web Chat,3,8,0
C00448,2024-10-26,Web Chat,4,7,1
C00448,2023-08-26,Email,3,18,1
C00449,2024-12-21,Web Chat,3,5,1
C00449,2023-01-06,Phone,4,28,1
C00449,2024-03-22,Email,2,8,0
C00449,2024-09-03,Web Chat,4,3,1
C00450,2023-12-22,Phone,2,53,1
C00451,2024-12-20,Phone,5,57,1
C00451,2024-10-08,Web Chat,3,8,1
C00452,2023-08-08,Phone,2,50,1
C00452,2024-09-28,Web Chat,4,19,0
C00452,2024-04-01,Web Chat,3,4,1
C00452,2023-03-18,Phone,2,15,1
C00453,2024-04-17,Email,4,3,1
C00453,2023-02-28,Email,4,14,1
C00453,2023-05-21,Phone,5,18,1
C00453,2023-03-09,Email,3,3,1
C00453,2024-06-21,Email,5,17,1
C00453,2024-12-09,Email,3,10,0
C00454,2023-01-20,Phone,5,25,0
C00454,2024-04-23,Web Chat,3,6,0
C00455,2023-05-04,Web Chat,3,12,1
C00455,2023-10-03,Email,3,13,1
C00455,2024-10-15,Web Chat,5,18,1
C00455,2023-11-23,Email,1,6,1
C00455,2024-05-23,Email,5,3,1
C00455,2024-05-10,Email,4,16,1
C00455,2024-10-27,Web Chat,3,16,1
C00456,2024-05-19,Email,5,13,0
C00456,2024-09-26,Email,5,8,1
C00457,2023-12-04,Web Chat,5,10,0
C00457,2024-02-20,Email,4,18,1
C00457,2024-08-20,Phone,1,32,1
C00457,2024-12-24,Email,3,10,1
C00458,2024-12-06,Web Chat,3,10,1
C00458,2023-06-12,Email,5,9,1
C00458,2023-05-11,Web Chat,5,19,1
C00458,2024-08-27,Phone,3,49,1
C00459,2023-10-09,Email,5,19,1
C00459,2023-04-20,Email,4,12,1
C00459,2023-11-13,Email,2,5,1
C00460,2024-07-18,Phone,2,55,1
C00460,2024-10-18,Email,4,12,0
C00460,2023-09-24,Web Chat,4,15,1
C00460,2024-04-11,Phone,5,37,0
C00461,2024-10-19,Web Chat,2,19,1
C00461,2024-06-24,Email,2,10,1
C00461,2024-04-06,Web Chat,3,16,1
C00461,2024-11-25,Phone,3,51,1
C00461,2023-10-24,Phone,5,47,0
C00461,2023-10-02,Phone,4,55,1
C00462,2024-06-26,Phone,3,47,1
C00462,2023-06-04,Phone,4,56,0
C00462,2023-05-05,Phone,5,30,1
C00462,2024-10-09,Phone,1,53,1
C00463,2024-10-05,Email,4,11,1
C00463,2024-05-18,Phone,3,18,1
C00464,2024-01-05,Phone,2,57,1
C00464,2024-07-08,Web Chat,4,6,1
C00464,2023-05-03,Phone,1,34,0
C00465,2024-11-27,Phone,2,19,1
C00465,2023-06-12,Phone,3,27,1
C00466,2023-10-09,Phone,5,33,1
C00467,2023-01-16,Web Chat,4,6,1
C00468,2024-02-27,Phone,1,57,1
C00468,2024-09-21,Web Chat,4,13,1
C00468,2023-07-18,Email,5,6,1
C00468,2023-03-18,Web Chat,5,10,1
C00468,2023-04-07,Phone,4,17,1
C00469,2023-12-17,Phone,5,17,1
C00470,2023-05-18,Web Chat,4,18,0
C00470,2023-01-28,Web Chat,3,19,1
C00470,2023-12-20,Email,4,13,0
C00470,2023-09-26,Web Chat,3,19,1
C00471,2024-03-18,Email,3,12,0
C00472,2024-09-05,Web Chat,5,4,0
C00472,2024-01-11,Phone,4,41,1
C00472,2024-09-18,Web Chat,2,10,1
C00472,2023-01-02,Phone,5,48,1
C00473,2024-07-02,Phone,3,44,1
C00473,2024-08-16,Web Chat,3,10,1
C00473,2023-08-07,Phone,5,48,1
C00473,2023-09-06,Phone,3,44,1
C00474,2024-10-12,Web Chat,2,6,1
C00474,2024-12-02,Phone,3,42,1
C00475,2024-03-14,Phone,3,53,1
C00475,2023-05-08,Phone,5,40,0
C00476,2024-08-23,Web Chat,3,9,1
C00476,2024-08-20,Phone,5,18,1
C00476,2023-06-02,Phone,2,16,1
C00477,2024-11-12,Email,4,5,0
C00477,2024-04-12,Web Chat,4,12,1
C00478,2024-04-28,Phone,4,42,0
C00478,2023-05-13,Phone,4,19,1
C00478,2023-01-23,Phone,3,16,1
C00479,2024-02-28,Web Chat,4,8,1
C00479,2024-02-03,Phone,4,46,1
C00479,2023-08-27,Email,3,14,1
C00479,2024-12-15,Email,3,6,1
C00480,2023-02-27,Web Chat,4,3,1
C00480,2024-10-28,Web Chat,2,15,0
C00481,2024-09-14,Phone,4,18,1
C00481,2023-08-16,Email,3,19,0
C00482,2024-04-25,Phone,3,34,1
C00483,2024-03-16,Web Chat,2,6,1
C00483,2024-07-23,Email,5,9,1
C00483,2023-04-12,Web Chat,4,4,1
C00484,2023-05-15,Web Chat,3,18,1
C00484,2024-08-16,Phone,3,35,1
C00484,2024-01-06,Email,5,14,1
C00484,2023-11-23,Email,4,3,1
C00485,2023-12-07,Web Chat,4,7,1
C00485,2024-01-04,Web Chat,2,10,0
C00485,2023-06-11,Web Chat,2,3,1
C00486,2024-01-13,Phone,4,25,1
C00486,2024-05-23,Email,4,19,0
C00486,2023-05-04,Phone,2,38,1
C00487,2023-05-23,Web Chat,4,6,0
C00487,2024-05-21,Phone,3,21,1
C00487,2024-12-15,Phone,4,39,1
C00487,2023-10-19,Phone,2,51,1
C00488,2023-12-14,Phone,3,41,1
C00489,2023-07-27,Email,3,19,1
C00489,2023-06-10,Phone,1,52,0
C00489,2023-01-09,Web Chat,2,13,0
C00490,2023-09-05,Web Chat,4,4,1
C00490,2023-06-02,Phone,5,44,0
C00490,2024-07-16,Web Chat,3,13,1
C00490,2023-06-21,Phone,3,29,1
C00491,2023-06-04,Web Chat,2,5,1
C00491,2024-01-11,Phone,3,47,1
C00491,2023-10-24,Phone,4,24,0
C00491,2024-03-18,Phone,3,45,1
C00491,2023-08-21,Email,3,7,1
C00491,2024-07-19,Phone,5,26,1
C00491,2023-05-08,Phone,4,27,1
C00491,2024-07-22,Email,2,17,1
C00491,2024-03-09,Web Chat,3,16,1
C00491,2024-09-03,Web Chat,1,16,1
C00492,2024-09-19,Email,5,11,1
C00492,2023-08-06,Web Chat,3,5,1
C00493,2023-07-24,Email,3,14,1
C00493,2024-08-08,Web Chat,5,19,1
C00493,2024-03-16,Web Chat,3,14,1
C00493,2023-05-23,Email,3,6,1
C00494,2024-09-11,Phone,3,17,1
C00494,2023-03-24,Email,4,14,1
C00495,2023-08-25,Email,3,4,1
C00495,2023-03-10,Email,5,16,1
C00496,2024-08-25,Web Chat,4,15,1
C00496,2024-07-27,Phone,3,17,0
C00497,2023-04-15,Web Chat,2,14,1
C00497,2024-01-13,Phone,2,40,1
C00498,2023-04-22,Web Chat,5,18,0
C00498,2024-10-08,Web Chat,3,7,0
C00498,2023-05-16,Email,5,16,0
C00498,2023-07-01,Email,4,12,1
C00499,2024-09-06,Phone,3,25,1
C00499,2023-12-28,Phone,2,36,1
C00499,2024-03-27,Phone,4,16,1
C00500,2023-03-16,Phone,3,18,1
C00500,2023-04-07,Email,5,7,1
C00500,2023-06-07,Email,3,17,1
C00500,2024-02-26,Web Chat,1,4,1
C00501,2024-01-08,Phone,4,52,1
C00501,2023-01-05,Web Chat,2,17,1
C00501,2024-11-25,Email,2,15,0
C00502,2023-04-03,Phone,2,42,1
C00502,2024-11-01,Web Chat,1,19,0
C00502,2023-09-22,Web Chat,2,6,1
C00502,2024-07-16,Email,1,4,0
C00503,2023-09-25,Phone,4,21,0
C00503,2023-09-13,Web Chat,4,13,1
C00503,2024-10-12,Web Chat,3,17,0
C00503,2023-05-19,Phone,4,38,1
C00504,2024-06-09,Email,2,4,1
C00504,2024-05-16,Web Chat,4,13,1
C00504,2023-10-02,Email,4,8,1
C00505,2024-03-01,Web Chat,5,8,0
C00505,2024-07-11,Web Chat,4,19,1
C00505,2023-02-05,Web Chat,5,12,1
C00505,2023-01-10,Web Chat,3,10,1
C00505,2023-12-19,Phone,4,59,0
C00506,2024-08-14,Web Chat,2,3,1
C00507,2024-07-22,Email,3,10,1
C00507,2023-04-02,Web Chat,4,14,1
C00507,2024-09-05,Email,5,16,1
C00508,2023-04-12,Email,2,11,1
C00508,2023-01-02,Email,2,15,0
C00508,2023-07-28,Web Chat,4,19,1
C00509,2024-08-05,Email,5,8,1
C00509,2024-12-15,Email,4,14,1
C00510,2023-12-28,Email,5,17,1
C00510,2023-07-03,Email,4,8,0
C00510,2024-10-11,Email,5,8,1
C00510,2024-09-17,Email,2,8,0
C00511,2024-02-05,Web Chat,5,16,1
C00512,2024-01-20,Web Chat,1,5,1
C00512,2024-02-06,Phone,4,35,1
C00512,2024-04-12,Phone,3,54,1
C00513,2023-04-12,Web Chat,2,17,1
C00514,2023-05-03,Phone,3,17,1
C00514,2024-11-01,Phone,4,43,1
C00514,2023-10-23,Web Chat,4,7,0
C00514,2024-10-07,Email,5,12,0
C00515,2023-01-26,Email,5,9,1
C00516,2023-08-26,Email,3,17,0
C00516,2023-02-13,Email,3,19,1
C00516,2024-10-19,Email,1,9,1
C00517,2024-02-05,Email,4,3,1
C00517,2023-03-23,Email,5,18,1
C00517,2023-01-04,Email,4,19,0
C00518,2023-02-05,Email,4,6,1
C00518,2024-07-10,Phone,4,36,1
C00518,2023-01-13,Phone,3,26,1
C00519,2023-09-03,Web Chat,5,12,1
C00519,2024-06-11,Email,5,12,1
C00520,2023-09-28,Email,5,18,0
C00520,2024-12-18,Phone,4,45,0
C00521,2024-08-19,Phone,5,45,1
C00521,2024-02-21,Email,4,11,1
C00521,2024-09-10,Email,4,19,1
C00521,2023-09-01,Web Chat,3,3,1
C00522,2023-01-03,Phone,3,39,1
C00522,2023-08-16,Email,3,17,0
C00522,2024-08-25,Email,3,18,0
C00523,2023-10-22,Phone,4,26,1
C00523,2024-06-09,Email,3,5,1
C00524,2023-10-02,Web Chat,2,18,1
C00524,2023-09-20,Phone,4,53,1
C00524,2024-08-10,Phone,1,42,1
C00524,2024-12-05,Web Chat,3,4,1
C00525,2023-03-03,Phone,1,26,1
C00525,2023-11-01,Phone,2,17,1
C00525,2024-06-19,Phone,2,44,1
C00526,2023-01-08,Phone,4,54,1
C00526,2024-01-19,Email,4,15,1
C00527,2023-02-20,Email,3,5,1
C00527,2023-02-11,Phone,5,51,1
C00527,2024-03-02,Email,3,14,0
C00527,2024-01-21,Email,4,11,1
C00528,2024-10-20,Phone,3,21,0
C00528,2024-04-23,Phone,2,24,1
C00528,2024-10-03,Email,4,19,1
C00529,2024-05-20,Email,4,9,1
C00529,2024-08-11,Phone,3,23,1
C00529,2024-06-21,Email,4,11,0
C00529,2024-09-15,Web Chat,4,18,1
C00530,2023-05-05,Email,5,8,1
C00530,2023-01-18,Phone,4,20,1
C00530,2023-10-06,Phone,1,15,1
C00530,2023-12-13,Email,4,17,1
C00530,2023-08-11,Web Chat,4,18,0
C00531,2024-10-02,Web Chat,4,8,1
C00531,2024-11-26,Email,4,10,1
C00532,2024-10-13,Email,3,10,1
C00532,2024-02-11,Email,5,9,0
C00532,2023-02-03,Phone,3,28,1
C00533,2024-07-05,Email,4,17,1
C00533,2023-08-07,Web Chat,3,12,1
C00533,2024-10-09,Phone,4,54,1
C00533,2024-05-26,Email,2,5,1
C00534,2023-07-05,Phone,3,32,1
C00534,2024-04-19,Phone,5,59,0
C00534,2024-01-12,Email,1,3,0
C00535,2024-02-26,Web Chat,5,17,1
C00535,2024-05-07,Email,5,5,1
C00535,2023-07-06,Web Chat,3,6,1
C00535,2023-05-07,Email,3,9,1
C00536,2024-01-21,Phone,4,59,1
C00536,2023-08-06,Phone,5,36,1
C00536,2024-12-03,Web Chat,5,13,1
C00536,2024-10-15,Email,2,13,0
C00536,2024-04-13,Phone,5,44,0
C00537,2024-05-24,Email,5,3,1
C00537,2023-11-22,Email,5,15,1
C00537,2024-05-03,Phone,4,57,1
C00538,2024-02-27,Email,3,19,1
C00538,2023-02-11,Web Chat,4,8,1
C00538,2024-03-22,Phone,3,22,1
C00539,2023-03-28,Email,2,7,0
C00539,2024-03-22,Web Chat,4,13,1
C00539,2023-01-09,Email,4,7,0
C00539,2023-05-20,Web Chat,4,10,1
C00539,2024-09-24,Web Chat,3,12,1
C00540,2024-02-13,Email,5,16,0
C00540,2024-01-17,Web Chat,3,3,1
C00540,2023-09-05,Phone,5,52,1
C00540,2024-04-09,Web Chat,3,4,1
C00540,2023-03-07,Phone,4,38,1
C00541,2023-05-10,Web Chat,3,7,1
C00541,2023-03-15,Email,2,5,1
C00541,2023-02-28,Email,4,9,1
C00541,2023-06-13,Web Chat,4,9,1
C00542,2024-09-24,Email,4,8,1
C00543,2024-10-18,Web Chat,3,18,1
C00543,2023-10-01,Phone,2,43,1
C00544,2023-05-13,Email,5,11,1
C00544,2023-04-10,Web Chat,4,17,1
C00544,2023-03-15,Email,4,7,1
C00545,2023-03-16,Phone,3,32,1
C00545,2024-07-05,Phone,3,43,1
C00545,2024-02-18,Email,5,11,1
C00545,2024-08-26,Email,2,5,0
C00546,2023-09-17,Email,2,3,1
C00546,2023-12-05,Phone,3,22,1
C00546,2024-09-12,Phone,5,49,1
C00546,2023-11-21,Email,4,16,1
C00547,2024-11-25,Web Chat,3,3,0
C00547,2024-03-13,Phone,2,39,1
C00547,2024-02-11,Email,3,4,1
C00547,2024-10-01,Web Chat,5,7,1
C00547,2024-08-08,Email,3,3,1
C00548,2023-06-04,Email,4,10,1
C00548,2024-08-08,Web Chat,3,17,1
C00549,2023-06-27,Email,3,4,1
C00550,2024-05-19,Web Chat,5,9,1
C00550,2024-03-24,Email,2,17,1
C00550,2023-03-26,Web Chat,1,10,1
C00550,2023-10-03,Phone,2,38,1
C00551,2023-04-16,Phone,2,44,1
C00551,2023-08-13,Email,3,19,0
C00551,2024-03-13,Web Chat,1,19,1
C00551,2023-05-09,Web Chat,3,9,1
C00552,2024-11-14,Phone,4,35,1
C00552,2023-04-05,Web Chat,2,7,1
C00552,2023-05-14,Web Chat,5,18,1
C00552,2023-07-17,Web Chat,4,16,1
C00553,2024-01-21,Phone,4,58,1
C00553,2024-08-25,Phone,5,32,1
C00554,2023-09-04,Email,3,16,1
C00554,2024-02-11,Web Chat,3,9,0
C00555,2023-01-12,Email,4,15,1
C00555,2023-08-14,Phone,5,19,1
C00555,2024-03-16,Email,3,17,0
C00556,2024-09-18,Web Chat,3,10,1
C00556,2023-08-14,Phone,1,29,1
C00556,2023-07-25,Email,4,5,1
C00557,2023-02-27,Phone,4,56,1
C00557,2024-08-22,Web Chat,3,8,1
C00557,2024-08-21,Email,5,3,0
C00557,2024-08-05,Phone,5,35,1
C00557,2023-09-18,Web Chat,3,8,1
C00558,2023-03-28,Email,3,19,1
C00558,2024-11-01,Email,2,9,1
C00558,2023-08-06,Web Chat,3,10,1
C00558,2024-04-16,Web Chat,2,4,1
C00558,2024-08-11,Email,4,3,1
C00559,2024-02-21,Phone,4,48,1
C00559,2023-02-13,Email,4,3,1
C00560,2023-11-14,Email,3,5,1
C00560,2023-04-01,Phone,2,49,1
C00560,2023-05-06,Email,5,17,0
C00560,2024-03-03,Web Chat,3,13,1
C00560,2024-04-19,Phone,3,31,1
C00561,2024-09-27,Email,4,16,0
C00562,2024-04-06,Phone,5,42,1
C00562,2024-07-23,Email,3,12,1
C00563,2023-04-28,Phone,5,30,1
C00563,2023-05-03,Phone,3,35,1
C00563,2024-05-28,Web Chat,3,18,0
C00564,2024-02-22,Phone,3,50,1
C00564,2024-03-08,Email,3,15,1
C00565,2024-04-24,Email,3,16,1
C00565,2023-11-24,Web Chat,5,10,1
C00565,2024-02-22,Email,4,8,0
C00565,2024-08-02,Web Chat,4,17,1
C00566,2024-07-15,Phone,2,56,1
C00567,2023-01-01,Email,1,14,1
C00567,2024-06-21,Email,5,12,1
C00567,2024-12-19,Email,5,5,1
C00568,2024-05-03,Email,4,8,1
C00568,2023-01-11,Web Chat,4,13,1
C00568,2024-04-18,Web Chat,4,19,1
C00568,2024-05-07,Phone,4,19,0
C00569,2023-05-07,Web Chat,2,11,1
C00569,2024-01-16,Phone,4,56,1
C00569,2024-10-28,Web Chat,2,8,1
C00569,2023-10-21,Web Chat,2,18,1
C00569,2023-09-04,Phone,5,44,1
C00569,2024-10-08,Email,2,18,1
C00570,2024-11-04,Web Chat,4,13,1
C00570,2024-02-24,Phone,3,37,1
C00570,2023-02-17,Web Chat,5,4,1
C00570,2024-03-13,Phone,5,53,1
C00571,2023-06-24,Web Chat,3,10,1
C00572,2023-02-20,Web Chat,4,19,1
C00573,2023-05-04,Email,4,15,0
C00573,2024-02-23,Phone,3,46,1
C00574,2024-03-12,Email,4,15,1
C00575,2024-05-06,Email,5,5,1
C00575,2023-09-22,Web Chat,5,12,0
C00575,2024-03-04,Phone,2,47,1
C00576,2024-11-11,Email,2,9,1
C00576,2024-08-14,Email,3,17,1
C00576,2024-03-05,Phone,5,54,0
C00576,2024-11-18,Phone,3,17,1
C00577,2024-02-23,Email,3,13,1
C00577,2024-04-27,Phone,4,24,0
C00577,2023-01-09,Phone,3,17,1
C00578,2023-04-06,Web Chat,5,11,1
C00578,2024-07-11,Web Chat,5,11,1
C00578,2024-07-08,Email,5,13,1
C00579,2023-06-27,Phone,4,23,1
C00579,2023-09-08,Email,4,7,1
C00579,2023-03-09,Email,2,3,1
C00580,2024-11-06,Phone,3,48,1
C00580,2024-03-26,Email,3,15,1
C00580,2024-11-01,Web Chat,5,10,0
C00580,2023-07-09,Email,4,10,1
C00581,2024-05-08,Web Chat,2,4,1
C00581,2023-06-15,Phone,3,34,1
C00581,2023-11-26,Web Chat,1,9,1
C00582,2024-02-25,Email,3,5,1
C00583,2024-05-28,Email,2,4,1
C00583,2023-04-24,Phone,5,16,1
C00584,2024-04-11,Email,4,9,1
C00584,2023-07-04,Email,2,17,1
C00585,2024-11-28,Email,3,16,1
C00585,2024-02-18,Phone,1,19,1
C00586,2024-08-19,Web Chat,3,9,1
C00587,2024-11-23,Web Chat,5,3,0
C00587,2024-07-09,Email,2,19,1
C00587,2024-02-08,Email,3,16,0
C00588,2024-07-08,Phone,3,47,1
C00588,2024-06-20,Web Chat,3,6,1
C00588,2023-08-22,Phone,3,15,0
C00588,2023-02-27,Email,5,11,0
C00589,2023-07-03,Phone,5,20,1
C00589,2023-03-16,Phone,5,39,1
C00589,2023-10-07,Phone,1,27,1
C00589,2023-06-19,Email,3,17,1
C00590,2024-04-20,Web Chat,3,9,1
C00590,2024-04-09,Email,3,15,1
C00591,2024-05-15,Email,3,13,0
C00591,2023-12-03,Phone,5,57,1
C00591,2023-06-27,Email,2,11,1
C00591,2023-07-11,Web Chat,5,12,1
C00591,2024-02-15,Email,1,4,1
C00592,2024-04-04,Web Chat,4,5,0
C00593,2023-02-17,Phone,4,32,1
C00593,2024-04-09,Web Chat,4,6,1
C00593,2024-03-18,Email,3,10,0
C00593,2024-04-07,Web Chat,2,4,1
C00593,2024-03-12,Email,2,15,1
C00594,2024-08-26,Email,5,16,1
C00594,2024-07-04,Phone,4,16,1
C00594,2023-08-27,Email,3,8,1
C00594,2024-10-07,Web Chat,4,16,0
C00595,2023-05-24,Phone,4,31,0
C00595,2023-10-08,Web Chat,5,19,1
C00595,2024-08-04,Email,3,5,1
C00596,2024-02-13,Email,2,11,1
C00596,2023-06-23,Web Chat,2,18,1
C00596,2023-04-12,Web Chat,4,3,1
C00596,2024-05-04,Phone,2,39,0
C00596,2023-05-23,Web Chat,4,6,1
C00597,2023-09-12,Phone,5,48,1
C00597,2024-01-04,Web Chat,2,9,1
C00598,2024-04-18,Web Chat,2,16,0
C00598,2024-07-21,Web Chat,3,7,1
C00598,2024-02-27,Phone,5,47,1
C00599,2024-03-05,Email,3,7,0
C00600,2023-12-17,Phone,4,21,1
C00600,2024-09-15,Phone,4,22,1
C00600,2024-01-21,Phone,4,22,1
C00600,2024-04-21,Phone,4,48,1
C00601,2024-10-04,Phone,4,47,1
C00601,2024-06-09,Web Chat,2,7,1
C00601,2023-12-02,Phone,4,20,1
C00602,2024-06-21,Web Chat,2,3,1
C00602,2023-10-08,Phone,2,51,1
C00602,2024-02-15,Phone,3,42,1
C00603,2023-12-23,Email,4,5,0
C00603,2023-03-22,Email,3,12,0
C00603,2023-06-17,Email,3,10,1
C00604,2023-02-06,Phone,4,43,0
C00605,2023-04-15,Email,4,13,1
C00605,2023-09-13,Email,3,8,0
C00606,2023-08-21,Phone,4,46,1
C00606,2024-09-07,Email,5,9,0
C00606,2024-10-12,Email,2,9,0
C00607,2023-10-15,Web Chat,1,3,1
C00607,2024-04-09,Phone,5,54,0
C00607,2024-03-19,Web Chat,3,12,1
C00607,2024-09-23,Email,4,6,1
C00607,2023-12-17,Web Chat,4,17,1
C00607,2023-02-28,Email,4,17,1
C00608,2024-04-05,Web Chat,3,13,1
C00608,2024-10-01,Phone,2,44,1
C00608,2024-10-18,Web Chat,3,5,1
C00608,2023-10-25,Phone,3,52,1
C00608,2023-03-01,Phone,3,53,1
C00609,2023-05-05,Email,4,14,0
C00609,2024-11-14,Phone,3,49,0
C00610,2023-05-14,Phone,4,17,1
C00610,2024-04-15,Email,3,18,1
C00610,2023-05-23,Phone,3,47,0
C00611,2024-03-18,Phone,2,56,1
C00611,2024-05-06,Phone,5,32,0
C00611,2023-10-04,Web Chat,2,16,1
C00611,2023-10-27,Web Chat,5,18,1
C00612,2024-06-09,Web Chat,4,14,1
C00612,2023-05-08,Phone,4,47,1
C00612,2024-02-06,Phone,5,16,0
C00612,2024-05-03,Web Chat,3,13,0
C00612,2024-08-22,Web Chat,3,12,0
C00612,2023-03-01,Phone,4,16,1
C00613,2023-11-26,Email,1,8,1
C00613,2023-02-05,Phone,5,40,1
C00613,2023-01-16,Phone,3,50,1
C00614,2023-08-07,Phone,1,25,1
C00615,2023-02-19,Phone,4,33,1
C00615,2023-04-03,Phone,5,20,1
C00616,2023-01-09,Phone,4,42,1
C00617,2024-03-09,Web Chat,4,3,1
C00617,2023-06-15,Email,2,9,1
C00618,2023-11-05,Email,3,13,0
C00618,2024-07-28,Email,4,7,1
C00618,2023-11-06,Web Chat,4,5,1
C00619,2024-07-14,Web Chat,5,10,1
C00619,2024-11-01,Email,5,18,1
C00619,2023-09-01,Phone,3,42,1
C00619,2023-02-10,Web Chat,4,14,0
C00620,2024-12-25,Email,5,9,1
C00620,2024-07-11,Email,5,10,1
C00620,2024-07-10,Phone,5,52,0
C00620,2024-04-18,Web Chat,4,16,1
C00621,2023-10-21,Web Chat,5,19,1
C00621,2024-08-20,Web Chat,3,11,1
C00621,2024-04-09,Email,3,15,1
C00622,2024-03-14,Web Chat,2,4,1
C00622,2024-10-03,Phone,5,20,1
C00622,2024-03-07,Phone,2,24,1
C00622,2023-11-24,Phone,4,44,0
C00622,2023-07-03,Web Chat,2,17,1
C00623,2023-11-06,Phone,5,31,0
C00623,2023-09-15,Phone,5,40,1
C00623,2024-09-16,Phone,3,18,1
C00623,2024-12-08,Web Chat,4,3,0
C00623,2023-04-09,Email,3,15,1
C00623,2024-05-09,Phone,5,15,0
C00623,2024-11-10,Email,3,15,1
C00624,2023-01-10,Web Chat,3,8,1
C00624,2024-03-19,Phone,1,33,0
C00624,2024-10-22,Web Chat,5,9,1
C00625,2023-10-18,Email,4,7,1
C00625,2024-10-26,Web Chat,4,19,1
C00626,2023-02-07,Phone,3,17,1
C00626,2023-05-16,Email,3,19,1
C00627,2024-10-15,Phone,5,57,1
C00628,2024-04-14,Phone,1,20,0
C00628,2023-09-26,Web Chat,3,4,1
C00628,2024-04-13,Phone,4,31,0
C00629,2023-09-09,Web Chat,4,14,1
C00629,2024-05-22,Web Chat,3,6,1
C00630,2023-05-12,Web Chat,5,7,1
C00630,2023-05-14,Email,3,16,0
C00630,2023-07-27,Email,3,12,1
C00631,2024-08-08,Web Chat,3,12,1
C00631,2023-01-20,Email,4,13,1
C00631,2023-01-06,Web Chat,3,12,0
C00631,2024-01-26,Email,1,14,1
C00632,2023-10-13,Phone,4,29,0
C00633,2023-11-18,Phone,5,23,0
C00633,2024-12-12,Web Chat,3,17,1
C00634,2024-12-02,Email,2,4,1
C00634,2023-09-11,Email,2,3,1
C00634,2023-04-25,Phone,3,24,1
C00634,2023-11-10,Email,3,3,1
C00634,2024-07-19,Email,4,15,1
C00635,2023-11-11,Email,2,16,1
C00635,2024-08-24,Phone,4,29,1
C00635,2024-01-26,Web Chat,5,16,1
C00635,2023-02-11,Email,5,18,0
C00636,2023-11-08,Email,5,15,1
C00636,2024-12-20,Phone,5,30,1
C00637,2024-10-04,Email,4,16,0
C00637,2023-01-11,Web Chat,2,14,1
C00638,2023-11-13,Web Chat,5,12,1
C00638,2023-04-14,Web Chat,3,5,0
C00638,2024-10-28,Web Chat,5,12,1
C00638,2023-06-08,Email,2,5,1
C00638,2024-07-27,Phone,2,26,1
C00638,2023-04-16,Phone,4,29,1
C00639,2023-04-15,Phone,5,27,1
C00639,2023-11-02,Phone,1,23,1
C00639,2023-10-14,Email,2,17,1
C00640,2024-08-19,Phone,5,25,1
C00640,2023-06-13,Web Chat,3,8,1
C00640,2024-04-09,Phone,3,44,1
C00640,2023-10-19,Phone,3,37,1
C00640,2024-10-13,Web Chat,4,12,1
C00640,2023-11-02,Web Chat,2,10,0
C00641,2024-01-24,Web Chat,3,13,1
C00641,2024-12-11,Email,2,19,1
C00642,2023-11-21,Web Chat,5,11,1
C00642,2023-03-02,Web Chat,3,9,1
C00642,2023-01-03,Phone,4,16,1
C00642,2023-04-05,Web Chat,1,11,1
C00643,2024-12-01,Email,3,19,1
C00643,2023-08-01,Email,3,5,1
C00644,2023-02-04,Email,3,16,1
C00644,2023-05-15,Phone,3,26,1
C00644,2024-12-03,Web Chat,5,6,1
C00644,2023-05-17,Web Chat,4,19,1
C00645,2024-03-03,Phone,4,52,1
C00645,2024-02-05,Web Chat,1,13,1
C00645,2023-07-25,Email,4,14,1
C00645,2024-04-11,Phone,5,39,1
C00646,2023-07-02,Web Chat,4,9,1
C00646,2023-09-15,Phone,3,17,1
C00646,2024-04-19,Email,2,6,1
C00647,2023-04-28,Phone,3,54,1
C00648,2024-09-08,Phone,3,50,1
C00648,2023-07-05,Phone,2,41,1
C00648,2023-09-24,Email,2,15,1
C00648,2024-03-28,Phone,5,20,0
C00649,2023-09-20,Email,5,15,1
C00649,2024-11-12,Web Chat,2,18,1
C00650,2024-05-13,Email,5,14,1
C00650,2023-02-25,Web Chat,3,19,1
C00650,2024-05-27,Email,3,10,1
C00650,2024-12-22,Email,3,7,1
C00650,2023-02-16,Email,4,8,1
C00651,2024-03-17,Web Chat,4,11,0
C00651,2023-04-07,Phone,4,33,1
C00651,2024-01-04,Email,3,18,1
C00652,2023-07-05,Email,2,7,1
C00652,2024-01-22,Web Chat,3,9,1
C00652,2024-10-25,Web Chat,4,15,0
C00652,2024-12-04,Email,5,4,1
C00653,2024-12-23,Web Chat,5,8,1
C00653,2024-12-09,Phone,3,49,1
C00653,2024-08-04,Phone,3,30,1
C00654,2024-03-26,Web Chat,3,7,1
C00654,2024-07-18,Phone,5,29,1
C00655,2024-08-04,Phone,1,55,0
C00656,2024-12-20,Phone,4,36,1
C00656,2024-02-03,Web Chat,3,11,1
C00657,2024-05-01,Phone,3,49,1
C00657,2023-07-26,Phone,3,42,1
C00657,2024-06-21,Email,5,18,1
C00658,2023-11-02,Phone,4,16,1
C00658,2023-05-06,Email,5,12,1
C00658,2023-12-16,Email,3,17,0
C00659,2023-07-12,Email,1,3,1
C00659,2023-03-23,Web Chat,3,3,1
C00659,2023-05-26,Web Chat,4,10,0
C00660,2024-07-07,Phone,2,18,0
C00660,2024-08-03,Phone,4,58,1
C00661,2023-02-28,Phone,3,57,1
C00662,2024-01-22,Email,5,4,1
C00662,2023-07-28,Phone,5,25,0
C00663,2024-07-02,Web Chat,4,18,1
C00663,2024-03-02,Phone,2,33,1
C00663,2024-06-20,Email,4,15,0
C00664,2024-11-03,Web Chat,5,18,1
C00664,2024-12-28,Email,4,8,1
C00664,2023-06-04,Phone,3,27,1
C00664,2023-02-24,Email,3,5,1
C00664,2024-12-01,Email,3,15,1
C00664,2024-08-15,Web Chat,3,4,1
C00665,2024-04-20,Phone,4,17,0
C00665,2024-09-13,Email,3,16,1
C00665,2023-02-17,Phone,4,48,0
C00665,2023-03-19,Phone,1,27,1
C00666,2024-02-28,Email,2,14,0
C00666,2024-03-18,Phone,3,54,1
C00666,2023-08-28,Email,3,14,0
C00666,2023-08-02,Email,5,7,1
C00667,2024-07-28,Phone,1,47,1
C00667,2023-01-23,Phone,5,50,0
C00667,2023-12-20,Web Chat,3,5,1
C00668,2023-12-19,Web Chat,5,8,1
C00668,2023-04-19,Web Chat,1,13,1
C00669,2024-07-25,Phone,4,33,1
C00669,2023-08-20,Email,5,17,1
C00669,2024-02-12,Phone,4,31,1
C00669,2024-03-07,Phone,5,16,1
C00669,2024-02-25,Phone,3,34,0
C00669,2024-04-12,Phone,4,38,1
C00670,2024-07-26,Web Chat,4,14,1
C00670,2023-07-27,Phone,4,21,1
C00670,2024-03-13,Email,1,8,1
C00671,2024-08-05,Web Chat,3,5,1
C00671,2023-02-17,Web Chat,3,5,1
C00671,2023-02-25,Web Chat,4,4,0
C00671,2024-03-15,Email,4,5,1
C00672,2024-12-12,Email,3,15,1
C00673,2024-09-13,Phone,5,33,1
C00673,2024-08-22,Web Chat,1,16,1
C00674,2023-09-28,Web Chat,5,11,0
C00674,2024-01-17,Email,5,10,1
C00675,2024-08-06,Phone,2,38,1
C00675,2024-08-14,Web Chat,5,10,1
C00675,2024-06-05,Web Chat,2,9,1
C00675,2023-04-26,Phone,2,29,1
C00675,2024-09-08,Phone,5,42,1
C00675,2023-12-19,Phone,4,57,1
C00676,2024-08-16,Email,5,9,1
C00676,2024-01-17,Web Chat,3,15,1
C00677,2024-10-24,Email,3,19,1
C00677,2023-07-06,Phone,4,22,1
C00677,2023-10-15,Phone,4,23,1
C00677,2024-08-08,Email,5,7,1
C00677,2023-03-05,Email,5,4,1
C00678,2024-03-14,Email,5,10,1
C00678,2023-12-03,Email,4,4,0
C00679,2024-09-19,Phone,4,47,1
C00679,2023-01-20,Phone,1,15,1
C00679,2024-11-12,Web Chat,3,9,1
C00679,2024-06-25,Phone,5,21,1
C00680,2023-02-07,Web Chat,4,4,1
C00680,2024-08-27,Phone,5,41,1
C00681,2023-11-24,Email,3,9,0
C00681,2023-09-10,Web Chat,3,11,1
C00681,2024-01-01,Email,3,13,1
C00682,2024-03-23,Web Chat,4,3,1
C00683,2024-10-07,Email,5,17,1
C00683,2024-06-18,Phone,5,41,1
C00683,2023-07-09,Email,2,11,0
C00683,2023-08-01,Phone,5,40,0
C00683,2023-03-06,Web Chat,4,11,1
C00684,2023-07-27,Email,4,12,1
C00684,2024-09-04,Phone,3,49,1
C00685,2023-01-23,Phone,3,19,1
C00685,2024-09-17,Web Chat,4,3,1
C00686,2024-09-23,Email,3,14,1
C00686,2024-11-03,Phone,5,34,1
C00687,2024-08-10,Web Chat,5,19,0
C00687,2024-12-01,Phone,1,22,1
C00688,2024-12-05,Web Chat,5,7,0
C00688,2023-01-28,Email,1,7,0
C00688,2023-04-10,Web Chat,3,12,0
C00688,2023-08-01,Web Chat,5,14,1
C00688,2024-09-07,Email,5,3,1
C00689,2024-01-11,Phone,5,25,1
C00690,2024-01-13,Web Chat,3,15,0
C00690,2024-01-02,Web Chat,4,14,1
C00690,2023-01-28,Phone,4,35,0
C00691,2023-10-01,Email,5,13,1
C00691,2023-09-28,Email,4,11,1
C00692,2024-04-21,Phone,3,43,0
C00692,2023-01-08,Web Chat,3,6,1
C00693,2024-05-12,Email,3,8,1
C00693,2023-10-02,Email,5,17,1
C00693,2023-06-22,Email,5,12,1
C00694,2023-04-17,Web Chat,2,5,1
C00694,2024-10-18,Phone,1,47,1
C00694,2023-01-26,Email,5,14,1
C00694,2023-05-19,Web Chat,3,11,1
C00694,2023-02-11,Email,3,10,1
C00695,2023-03-08,Web Chat,5,9,1
C00695,2024-04-10,Web Chat,5,14,0
C00695,2023-03-13,Web Chat,4,16,1
C00695,2024-06-19,Phone,5,30,0
C00695,2024-01-18,Email,3,11,1
C00696,2023-06-26,Web Chat,4,13,1
C00696,2024-12-16,Web Chat,3,13,1
C00696,2023-07-28,Email,5,18,1
C00697,2023-09-04,Email,3,19,1
C00697,2024-09-14,Phone,2,29,1
C00697,2024-05-08,Web Chat,4,4,0
C00697,2023-09-02,Email,5,8,0
C00698,2023-01-16,Email,2,10,1
C00698,2023-02-15,Email,5,9,1
C00698,2024-10-16,Email,2,13,1
C00698,2023-03-15,Email,4,5,1
C00698,2024-08-19,Phone,3,55,1
C00698,2024-11-20,Web Chat,3,16,1
C00699,2024-09-23,Email,3,15,1
C00700,2024-06-14,Web Chat,4,16,1
C00700,2023-05-18,Web Chat,4,16,1
C00701,2023-07-13,Email,4,12,0
C00702,2024-10-04,Email,4,18,1
C00702,2024-07-11,Email,5,3,1
C00703,2024-10-10,Phone,5,44,1
C00703,2023-04-22,Web Chat,3,14,1
C00703,2023-01-22,Email,2,9,1
C00703,2023-09-09,Phone,4,17,1
C00704,2024-02-12,Email,1,10,0
C00704,2024-01-24,Email,3,12,1
C00705,2023-10-20,Web Chat,4,7,1
C00705,2023-10-09,Email,4,4,1
C00705,2024-04-25,Email,3,19,1
C00706,2023-08-03,Web Chat,4,17,1
C00706,2024-03-22,Web Chat,4,6,1
C00706,2023-10-19,Phone,4,15,1
C00706,2024-07-16,Phone,2,59,1
C00707,2023-06-24,Email,3,12,0
C00707,2024-06-27,Web Chat,4,15,1
C00707,2024-09-11,Web Chat,3,13,1
C00707,2024-04-26,Phone,2,29,1
C00707,2024-05-12,Web Chat,4,14,0
C00707,2023-07-27,Email,4,16,0
C00708,2023-07-26,Web Chat,4,6,1
C00708,2023-05-28,Web Chat,2,17,1
C00708,2023-02-06,Web Chat,3,19,1
C00708,2023-04-13,Phone,2,54,1
C00709,2024-06-15,Web Chat,4,10,1
C00709,2024-10-09,Phone,3,49,1
C00709,2024-06-25,Phone,3,15,1
C00710,2024-03-12,Web Chat,2,8,1
C00710,2024-07-21,Email,4,16,1
C00710,2023-06-27,Phone,3,30,1
C00711,2024-02-08,Email,2,16,1
C00711,2024-04-24,Phone,4,39,1
C00712,2024-04-28,Web Chat,5,15,1
C00712,2024-04-02,Web Chat,3,12,0
C00713,2023-03-27,Phone,5,41,1
C00713,2024-10-18,Web Chat,3,12,1
C00714,2023-10-04,Phone,2,26,1
C00714,2024-09-03,Web Chat,4,9,1
C00714,2024-06-20,Phone,4,21,0
C00715,2024-11-04,Email,5,8,1
C00715,2023-12-12,Web Chat,5,18,1
C00715,2023-10-04,Web Chat,4,12,1
C00716,2023-02-23,Phone,3,44,1
C00716,2023-04-16,Web Chat,2,13,1
C00716,2024-10-21,Phone,3,32,1
C00716,2023-05-14,Web Chat,4,12,1
C00717,2024-04-08,Web Chat,2,15,1
C00717,2024-03-21,Email,4,13,1
C00718,2024-01-07,Email,5,6,1
C00718,2024-02-07,Phone,4,40,1
C00718,2023-03-24,Email,4,12,1
C00719,2023-01-12,Web Chat,2,4,1
C00719,2024-12-18,Email,3,17,1
C00719,2023-09-10,Web Chat,4,13,1
C00719,2023-03-19,Email,3,3,1
C00720,2023-07-08,Web Chat,5,12,1
C00720,2024-06-14,Web Chat,3,6,1
C00720,2023-10-03,Email,3,3,1
C00720,2024-04-13,Phone,4,54,1
C00720,2024-05-19,Web Chat,3,16,1
C00720,2023-04-24,Email,4,16,0
C00721,2024-12-06,Web Chat,3,16,1
C00721,2024-10-25,Email,4,12,1
C00722,2023-02-14,Web Chat,2,9,1
C00722,2024-01-22,Phone,5,25,1
C00723,2024-11-25,Phone,1,46,0
C00723,2023-08-21,Web Chat,2,6,1
C00723,2024-11-12,Web Chat,3,18,1
C00724,2023-06-06,Email,4,17,1
C00724,2024-09-03,Phone,3,57,1
C00724,2024-09-08,Web Chat,3,9,1
C00724,2024-06-11,Phone,2,38,1
C00725,2024-02-08,Web Chat,4,3,0
C00725,2024-06-06,Phone,1,58,1
C00726,2024-01-25,Web Chat,4,10,1
C00726,2024-09-13,Phone,3,27,1
C00727,2024-09-14,Email,4,6,1
C00727,2023-01-02,Phone,2,29,1
C00727,2023-10-07,Phone,4,28,0
C00727,2023-07-16,Web Chat,5,6,1
C00728,2023-11-13,Email,4,18,1
C00728,2024-03-17,Phone,3,52,1
C00729,2024-05-05,Email,1,3,1
C00729,2024-08-24,Email,2,13,1
C00729,2023-07-28,Phone,2,35,1
C00730,2023-01-18,Web Chat,4,4,1
C00730,2024-02-01,Web Chat,5,6,1
C00730,2024-03-04,Phone,4,44,1
C00731,2023-09-25,Phone,2,46,1
C00731,2023-11-14,Phone,3,48,0
C00731,2024-05-02,Phone,2,27,1
C00731,2023-08-11,Phone,4,47,1
C00731,2023-12-14,Email,1,10,1
C00731,2023-09-18,Phone,3,36,1
C00732,2024-01-08,Phone,5,27,1
C00732,2024-04-06,Phone,5,29,1
C00733,2024-10-16,Web Chat,3,12,1
C00734,2023-10-07,Phone,1,56,1
C00734,2023-02-06,Phone,1,40,1
C00734,2024-03-28,Email,2,15,1
C00734,2023-04-13,Email,4,12,0
C00735,2024-01-14,Phone,3,42,0
C00735,2023-12-07,Email,5,17,1
C00735,2023-07-24,Email,5,19,0
C00736,2023-03-18,Web Chat,5,18,1
C00736,2024-12-03,Email,4,6,1
C00736,2024-12-22,Phone,2,15,1
C00736,2024-09-12,Web Chat,4,17,1
C00737,2024-08-02,Web Chat,3,8,1
C00738,2023-08-26,Email,5,6,1
C00738,2024-09-02,Email,5,6,1
C00738,2024-02-16,Email,3,17,1
C00739,2024-06-23,Email,3,3,1
C00740,2024-04-04,Phone,3,44,1
C00740,2023-04-23,Email,4,18,1
C00741,2023-04-13,Email,2,16,1
C00741,2023-06-09,Web Chat,4,11,0
C00742,2023-09-05,Web Chat,4,12,1
C00742,2024-01-25,Email,1,14,1
C00742,2024-07-06,Web Chat,5,10,1
C00742,2023-05-28,Web Chat,3,15,1
C00742,2024-09-17,Web Chat,5,15,1
C00742,2024-04-06,Phone,4,18,1
C00742,2024-02-21,Web Chat,3,12,1
C00743,2023-03-09,Email,5,7,1
C00743,2024-04-14,Phone,4,39,1
C00743,2023-11-10,Email,3,17,1
C00744,2023-02-10,Email,3,16,1
C00744,2023-10-09,Email,2,19,1
C00745,2024-02-20,Phone,5,58,1
C00745,2024-05-06,Email,5,9,1
C00745,2023-09-03,Web Chat,3,9,1
C00745,2024-06-24,Email,2,6,1
C00746,2023-10-15,Email,4,18,1
C00746,2023-07-14,Web Chat,3,12,1
C00746,2024-02-23,Phone,5,21,1
C00747,2024-10-09,Email,4,4,1
C00747,2024-05-08,Web Chat,2,13,1
C00747,2024-01-26,Web Chat,4,13,1
C00747,2023-08-23,Web Chat,5,6,1
C00748,2023-11-12,Email,4,10,1
C00749,2023-06-23,Web Chat,2,17,1
C00749,2023-11-19,Email,3,4,1
C00750,2024-09-13,Phone,5,38,1
C00750,2024-08-08,Email,3,16,1
C00750,2024-12-27,Phone,3,46,0
C00751,2023-11-26,Email,3,5,1
C00751,2023-02-23,Phone,3,55,1
C00752,2023-03-22,Email,5,18,1
C00752,2023-12-15,Email,3,9,1
C00752,2024-05-16,Web Chat,4,5,1
C00753,2023-03-18,Phone,2,44,1
C00753,2024-03-09,Phone,5,59,1
C00753,2024-01-10,Phone,2,26,1
C00753,2024-10-15,Web Chat,3,10,1
C00753,2023-01-28,Web Chat,5,19,0
C00754,2024-03-11,Web Chat,5,12,1
C00755,2024-05-01,Phone,3,17,1
C00755,2023-01-26,Email,4,12,1
C00755,2023-08-13,Email,5,18,1
C00755,2023-02-04,Web Chat,5,6,0
C00756,2023-06-10,Email,3,15,1
C00757,2024-03-27,Phone,3,57,1
C00757,2023-12-25,Web Chat,3,11,1
C00757,2023-06-11,Email,5,3,1
C00757,2024-05-06,Phone,3,56,1
C00757,2023-02-09,Email,2,19,1
C00758,2023-04-25,Email,2,12,0
C00758,2024-08-15,Web Chat,3,4,1
C00758,2024-06-03,Web Chat,3,5,0
C00758,2024-03-09,Email,3,13,1
C00758,2023-12-20,Phone,4,36,0
C00758,2023-01-16,Web Chat,3,10,1
C00758,2024-01-05,Email,5,15,1
C00759,2024-01-13,Phone,4,42,1
C00759,2024-10-05,Phone,5,45,1
C00759,2024-11-20,Web Chat,3,18,1
C00759,2024-03-16,Phone,3,47,1
C00760,2023-08-08,Web Chat,4,10,1
C00760,2023-10-24,Web Chat,3,3,1
C00760,2023-06-27,Phone,5,35,1
C00760,2024-09-10,Web Chat,4,8,1
C00761,2023-01-15,Email,5,8,1
C00761,2023-11-26,Phone,5,22,1
C00762,2024-10-06,Web Chat,3,12,1
C00762,2024-08-26,Phone,5,19,1
C00762,2023-10-26,Email,5,15,1
C00762,2024-07-08,Email,5,3,0
C00762,2023-05-02,Web Chat,3,5,1
C00763,2024-09-26,Web Chat,2,7,0
C00763,2023-08-10,Email,5,6,0
C00764,2023-11-06,Web Chat,2,13,0
C00764,2024-04-17,Web Chat,1,13,1
C00764,2024-11-22,Web Chat,4,16,1
C00764,2024-07-22,Phone,2,15,1
C00764,2024-06-08,Email,3,8,1
C00765,2024-04-09,Web Chat,4,8,1
C00765,2023-06-23,Phone,5,30,1
C00765,2023-09-21,Web Chat,2,8,0
C00766,2023-01-01,Web Chat,4,9,1
C00766,2024-04-18,Email,4,4,1
C00766,2024-02-17,Phone,4,54,1
C00767,2023-08-16,Email,3,14,1
C00767,2023-12-20,Email,2,4,1
C00767,2024-01-21,Phone,3,20,1
C00767,2023-07-27,Phone,4,42,1
C00767,2024-03-03,Email,5,17,0
C00768,2023-11-12,Web Chat,3,5,1
C00769,2024-07-10,Email,3,11,1
C00769,2024-07-06,Email,5,6,1
C00769,2023-10-04,Phone,3,49,1
C00769,2023-04-27,Web Chat,3,12,1
C00769,2023-01-17,Phone,4,21,1
C00769,2023-10-08,Phone,1,27,1
C00770,2024-06-07,Phone,2,55,1
C00770,2024-11-22,Email,2,10,1
C00770,2024-04-14,Email,4,17,1
C00770,2023-02-02,Phone,5,31,1
C00771,2024-02-28,Phone,2,38,1
C00771,2024-03-24,Email,3,13,0
C00772,2023-06-26,Web Chat,1,12,1
C00772,2024-09-27,Web Chat,1,3,0
C00772,2024-11-21,Phone,3,27,1
C00773,2023-06-22,Email,4,11,1
C00773,2024-08-24,Phone,2,58,1
C00773,2024-01-15,Email,3,8,1
C00773,2023-11-17,Phone,2,15,1
C00774,2024-11-10,Phone,5,35,1
C00774,2024-10-02,Email,4,6,1
C00775,2023-02-27,Web Chat,2,9,0
C00775,2023-12-28,Web Chat,3,14,1
C00775,2023-07-17,Email,2,11,1
C00776,2023-06-16,Phone,4,26,1
C00776,2023-05-24,Web Chat,2,8,1
C00776,2023-03-15,Email,3,15,1
C00776,2024-03-24,Web Chat,5,5,1
C00777,2023-03-20,Phone,5,35,1
C00778,2024-05-16,Phone,4,55,1
C00778,2023-07-20,Phone,5,40,1
C00778,2024-04-14,Phone,5,50,1
C00778,2024-04-09,Phone,3,56,1
C00778,2023-02-18,Web Chat,4,8,1
C00779,2024-04-28,Web Chat,3,3,1
C00780,2023-05-15,Web Chat,2,7,1
C00780,2023-11-11,Phone,5,34,1
C00780,2024-05-10,Email,5,13,1
C00780,2023-07-10,Email,1,12,1
C00780,2024-11-09,Email,4,12,1
C00781,2024-11-07,Web Chat,5,13,1
C00781,2023-07-09,Email,2,9,1
C00781,2023-10-18,Phone,1,27,1
C00781,2024-07-17,Web Chat,3,11,1
C00781,2024-12-22,Web Chat,3,19,1
C00781,2024-04-09,Web Chat,2,15,1
C00781,2023-11-19,Email,1,7,1
C00781,2023-11-09,Web Chat,4,6,1
C00781,2023-11-01,Web Chat,4,5,0
C00782,2023-10-28,Phone,5,55,1
C00782,2024-07-18,Email,3,4,1
C00782,2024-05-13,Email,3,10,1
C00782,2023-02-18,Phone,5,45,0
C00782,2023-04-21,Email,5,9,1
C00783,2024-07-12,Email,4,4,1
C00783,2023-02-15,Web Chat,3,16,0
C00784,2024-05-27,Web Chat,3,10,1
C00784,2024-01-05,Email,5,8,0
C00784,2024-08-19,Phone,5,40,1
C00784,2023-06-27,Phone,2,57,1
C00784,2024-11-02,Phone,2,19,0
C00784,2024-11-09,Email,4,4,1
C00784,2024-07-07,Web Chat,4,7,0
C00784,2023-06-05,Email,1,17,1
C00784,2023-10-27,Email,3,15,1
C00784,2023-02-23,Email,1,6,0
C00784,2024-11-01,Web Chat,5,16,1
C00785,2023-01-04,Phone,2,25,1
C00785,2023-09-28,Phone,3,18,1
C00785,2023-11-23,Phone,2,58,1
C00786,2023-05-06,Phone,1,45,1
C00786,2023-11-20,Phone,4,46,1
C00786,2023-09-23,Phone,3,34,0
C00787,2024-06-14,Web Chat,4,19,1
C00787,2023-01-13,Phone,5,34,1
C00787,2024-10-27,Web Chat,4,7,1
C00788,2023-05-14,Phone,3,17,1
C00788,2023-11-08,Email,4,7,1
C00788,2023-11-18,Web Chat,2,7,1
C00789,2023-10-02,Web Chat,4,15,1
C00789,2023-03-14,Email,1,5,1
C00790,2024-04-12,Web Chat,4,12,1
C00790,2024-08-13,Email,2,16,0
C00790,2024-03-22,Email,5,10,1
C00790,2023-12-08,Phone,3,25,1
C00791,2023-03-13,Web Chat,2,3,1
C00791,2023-10-07,Phone,1,29,1
C00791,2024-05-09,Web Chat,3,7,1
C00792,2024-10-04,Email,4,11,1
C00792,2023-11-27,Phone,4,24,1
C00792,2023-01-24,Web Chat,5,12,0
C00792,2024-12-14,Phone,3,37,1
C00792,2024-03-13,Phone,1,16,1
C00793,2023-01-02,Phone,3,18,1
C00793,2023-05-07,Phone,1,24,1
C00793,2024-07-23,Email,2,6,1
C00793,2024-05-25,Phone,3,48,1
C00793,2024-08-22,Web Chat,3,8,1
C00793,2024-02-06,Web Chat,3,19,1
C00793,2024-01-18,Email,2,16,1
C00794,2023-02-20,Phone,3,16,0
C00794,2024-08-03,Email,5,10,1
C00794,2024-09-12,Phone,5,29,0
C00794,2024-05-08,Web Chat,3,14,1
C00795,2024-11-23,Phone,5,19,1
C00795,2023-11-15,Phone,4,19,1
C00795,2024-08-28,Web Chat,3,18,0
C00795,2024-01-13,Web Chat,1,11,0
C00795,2023-08-21,Email,4,4,0
C00796,2024-09-19,Web Chat,4,18,1
C00796,2024-11-18,Web Chat,3,3,1
C00796,2023-11-03,Phone,4,38,0
C00796,2024-09-10,Email,4,6,1
C00797,2024-08-17,Phone,5,54,0
C00797,2024-09-19,Email,4,5,0
C00797,2023-02-20,Phone,5,25,1
C00797,2023-10-23,Email,5,11,1
C00798,2024-07-20,Phone,3,15,1
C00798,2024-06-26,Phone,2,45,1
C00799,2023-12-09,Web Chat,3,5,1
C00799,2024-10-20,Email,5,8,0
C00800,2024-03-03,Email,5,9,0
C00800,2023-06-27,Email,4,17,1
C00801,2023-04-23,Phone,3,30,1
C00801,2024-01-06,Phone,4,43,1
C00802,2024-10-18,Phone,2,31,1
C00802,2024-04-06,Email,1,12,1
C00802,2024-01-16,Web Chat,3,6,1
C00802,2023-11-11,Web Chat,5,15,1
C00803,2024-09-10,Web Chat,4,11,1
C00803,2023-12-14,Web Chat,3,15,1
C00803,2023-01-19,Phone,3,48,1
C00803,2024-03-22,Phone,2,59,1
C00803,2024-02-19,Web Chat,2,6,1
C00804,2024-12-07,Phone,4,46,1
C00805,2023-06-04,Web Chat,2,12,1
C00805,2024-12-19,Phone,4,54,1
C00806,2024-03-27,Phone,3,31,1
C00807,2024-03-25,Email,4,5,1
C00807,2024-04-20,Web Chat,3,10,1
C00807,2024-11-20,Phone,2,49,1
C00808,2024-09-28,Web Chat,5,12,1
C00808,2024-12-13,Phone,4,36,1
C00809,2024-04-13,Phone,4,39,1
C00809,2023-09-25,Web Chat,4,7,1
C00809,2024-06-01,Email,2,6,1
C00809,2024-06-10,Web Chat,3,5,0
C00810,2024-01-13,Email,3,12,1
C00810,2023-06-06,Phone,1,28,1
C00811,2023-10-23,Email,3,5,0
C00811,2024-08-10,Email,2,14,0
C00811,2023-07-27,Phone,3,28,1
C00812,2024-06-19,Email,4,11,1
C00812,2024-11-10,Phone,4,22,1
C00812,2023-09-19,Email,2,3,1
C00813,2023-02-23,Email,4,10,1
C00813,2023-07-25,Phone,4,39,1
C00813,2024-10-08,Phone,4,30,1
C00813,2023-11-07,Web Chat,3,13,1
C00813,2023-06-13,Web Chat,3,5,1
C00814,2023-08-24,Email,1,7,1
C00814,2024-10-16,Email,3,7,1
C00815,2024-12-16,Email,4,4,1
C00815,2024-01-12,Web Chat,4,16,0
C00816,2023-02-14,Phone,1,34,1
C00816,2023-04-09,Web Chat,3,7,1
C00816,2024-11-06,Phone,2,55,1
C00816,2023-05-24,Email,4,17,1
C00816,2023-06-07,Web Chat,5,12,1
C00817,2023-10-05,Web Chat,3,6,0
C00817,2023-12-18,Email,4,19,1
C00817,2023-10-04,Web Chat,4,15,0
C00818,2024-03-15,Web Chat,5,14,1
C00818,2023-04-27,Phone,3,52,0
C00819,2023-09-10,Phone,4,48,0
C00819,2023-03-22,Web Chat,4,10,1
C00819,2024-09-17,Web Chat,2,16,1
C00819,2024-02-08,Email,4,4,1
C00819,2024-07-04,Email,3,9,1
C00819,2024-04-20,Phone,3,22,1
C00820,2024-08-15,Email,2,18,1
C00820,2023-08-04,Web Chat,2,14,1
C00820,2023-08-17,Phone,4,40,0
C00821,2023-09-15,Email,4,19,0
C00821,2023-01-24,Phone,5,37,1
C00822,2023-04-19,Web Chat,5,7,1
C00822,2024-03-08,Phone,5,54,1
C00822,2023-07-07,Web Chat,3,3,1
C00823,2023-12-18,Phone,2,49,1
C00824,2023-11-19,Web Chat,4,6,1
C00825,2024-05-11,Phone,3,30,0
C00825,2023-09-03,Email,5,7,0
C00825,2024-12-28,Email,3,18,1
C00826,2023-02-18,Email,2,14,1
C00826,2024-01-18,Email,1,3,1
C00826,2023-02-27,Email,3,19,1
C00826,2024-03-11,Web Chat,3,15,1
C00827,2024-04-17,Email,5,19,1
C00827,2024-10-22,Email,2,6,1
C00827,2024-10-07,Web Chat,4,3,1
C00828,2024-05-24,Web Chat,3,18,1
C00828,2024-10-28,Email,3,5,1
C00829,2024-11-28,Email,5,6,1
C00829,2023-09-16,Email,4,12,1
C00829,2024-11-22,Web Chat,4,8,1
C00829,2023-04-07,Email,2,6,1
C00830,2023-09-09,Email,2,15,1
C00830,2023-11-15,Web Chat,1,14,1
C00830,2024-02-23,Web Chat,3,4,1
C00830,2024-12-21,Web Chat,2,11,1
C00831,2024-11-08,Web Chat,3,4,0
C00831,2024-04-13,Web Chat,1,6,1
C00831,2023-09-12,Web Chat,1,19,1
C00831,2024-10-17,Web Chat,3,19,0
C00832,2023-04-07,Web Chat,2,12,1
C00832,2024-06-16,Web Chat,2,19,1
C00832,2024-09-04,Phone,3,18,1
C00832,2024-08-25,Email,4,11,1
C00832,2023-03-12,Email,2,6,0
C00833,2024-08-09,Phone,2,22,1
C00833,2023-12-14,Web Chat,3,15,1
C00833,2024-04-23,Email,3,18,1
C00833,2024-12-14,Email,3,19,1
C00833,2024-01-12,Web Chat,2,14,1
C00833,2024-06-16,Web Chat,3,3,1
C00834,2023-08-07,Web Chat,3,16,1
C00835,2023-01-01,Web Chat,3,3,1
C00835,2024-06-10,Phone,3,35,0
C00835,2024-08-06,Email,4,4,1
C00835,2023-12-15,Web Chat,2,19,1
C00836,2023-11-21,Email,3,15,1
C00836,2023-06-11,Email,4,8,1
C00836,2023-05-10,Email,3,11,1
C00837,2024-05-15,Web Chat,1,14,1
C00837,2024-04-05,Web Chat,4,14,1
C00837,2023-07-21,Phone,4,31,1
C00838,2024-03-10,Email,1,9,1
C00838,2023-03-24,Email,4,12,1
C00838,2024-03-11,Phone,5,53,1
C00838,2024-05-15,Web Chat,3,19,1
C00838,2023-05-27,Phone,5,20,1
C00838,2023-03-04,Email,3,18,1
C00838,2023-12-12,Email,5,12,1
C00839,2023-11-15,Phone,3,39,1
C00839,2024-07-10,Email,3,10,1
C00839,2023-05-12,Web Chat,3,18,1
C00840,2024-06-16,Web Chat,3,8,1
C00840,2024-04-11,Email,4,12,0
C00840,2024-07-23,Email,3,18,0
C00841,2024-11-21,Email,4,16,0
C00841,2023-03-01,Web Chat,2,6,1
C00841,2023-07-25,Email,4,17,1
C00842,2024-02-19,Web Chat,3,11,1
C00842,2023-08-04,Web Chat,3,3,1
C00843,2024-12-14,Phone,3,21,0
C00843,2024-03-11,Web Chat,3,6,1
C00843,2023-04-19,Phone,5,19,1
C00844,2024-08-14,Web Chat,2,3,1
C00845,2024-04-10,Email,2,4,1
C00845,2023-08-22,Phone,3,17,1
C00845,2024-02-23,Web Chat,2,10,1
C00845,2024-06-21,Web Chat,3,12,1
C00845,2024-07-14,Email,3,14,1
C00846,2023-10-01,Web Chat,3,3,0
C00847,2023-10-17,Web Chat,2,17,1
C00847,2024-01-22,Web Chat,3,19,1
C00847,2023-02-05,Email,4,13,1
C00848,2024-08-12,Phone,3,39,1
C00848,2024-04-18,Email,2,8,1
C00848,2023-05-03,Web Chat,4,9,1
C00848,2023-09-18,Web Chat,4,10,1
C00849,2024-11-04,Phone,3,50,1
C00850,2024-09-24,Phone,2,28,1
C00850,2024-04-16,Web Chat,1,15,1
C00850,2023-09-01,Web Chat,3,6,1
C00850,2023-12-06,Email,5,4,1
C00851,2024-01-03,Web Chat,3,16,1
C00851,2024-06-20,Phone,3,19,1
C00852,2023-12-04,Phone,3,16,1
C00852,2023-06-10,Web Chat,4,6,1
C00852,2023-03-14,Web Chat,4,7,1
C00853,2024-11-06,Email,4,16,1
C00853,2023-11-04,Phone,4,32,1
C00853,2023-08-11,Web Chat,1,14,0
C00853,2024-11-26,Email,4,6,1
C00854,2024-10-28,Email,4,12,1
C00854,2023-07-07,Phone,4,20,1
C00854,2024-07-22,Email,3,16,0
C00854,2024-05-19,Email,5,17,0
C00854,2023-02-09,Web Chat,4,16,1
C00855,2023-01-19,Email,4,19,1
C00855,2024-03-19,Web Chat,4,8,1
C00855,2023-07-05,Email,3,8,1
C00855,2023-11-16,Web Chat,3,10,1
C00855,2023-02-17,Email,2,10,1
C00856,2024-02-16,Phone,3,56,1
C00856,2023-11-28,Email,5,8,0
C00856,2023-09-06,Web Chat,4,10,1
C00857,2023-12-05,Phone,3,37,1
C00857,2024-01-14,Email,4,9,1
C00857,2023-08-22,Phone,1,32,1
C00857,2023-09-18,Email,3,10,1
C00857,2023-05-12,Web Chat,5,5,0
C00857,2024-03-07,Email,5,7,0
C00858,2024-12-10,Phone,4,46,1
C00858,2023-07-05,Phone,5,39,1
C00859,2023-04-03,Phone,4,47,1
C00859,2024-11-09,Email,3,7,1
C00859,2023-07-26,Email,5,10,0
C00860,2023-06-20,Email,3,16,1
C00860,2023-07-08,Web Chat,4,8,1
C00861,2023-01-14,Web Chat,4,9,1
C00861,2023-09-19,Email,4,4,1
C00861,2024-10-11,Web Chat,5,18,1
C00861,2023-09-21,Web Chat,3,4,1
C00862,2023-12-01,Email,2,3,0
C00862,2024-10-16,Phone,4,57,1
C00862,2023-07-16,Email,3,11,1
C00863,2023-09-22,Phone,2,16,1
C00863,2023-02-13,Email,4,15,1
C00864,2024-06-11,Web Chat,3,7,1
C00864,2023-09-03,Email,3,16,1
C00864,2023-04-07,Web Chat,5,5,1
C00865,2024-06-02,Phone,2,56,1
C00865,2024-03-07,Email,1,17,1
C00866,2023-01-02,Email,2,6,0
C00866,2024-03-08,Email,4,11,1
C00866,2024-12-17,Email,1,10,1
C00866,2023-01-26,Phone,5,37,1
C00866,2023-02-21,Phone,4,58,0
C00867,2023-10-13,Phone,4,58,1
C00867,2024-02-20,Phone,5,35,0
C00867,2024-08-09,Email,1,11,0
C00867,2023-10-12,Phone,3,58,1
C00868,2023-04-07,Phone,3,49,0
C00868,2023-11-18,Phone,4,19,1
C00868,2023-12-14,Email,4,15,1
C00869,2023-11-14,Phone,4,47,1
C00869,2024-07-18,Web Chat,3,6,1
C00869,2023-09-19,Web Chat,3,15,1
C00869,2024-05-15,Email,1,9,1
C00870,2024-03-22,Phone,5,36,1
C00871,2023-06-01,Phone,3,19,1
C00871,2024-05-06,Web Chat,4,11,1
C00871,2024-02-06,Web Chat,4,15,1
C00871,2023-08-25,Email,3,6,1
C00872,2023-09-17,Phone,5,49,1
C00872,2023-08-27,Phone,4,30,0
C00872,2024-05-20,Web Chat,2,14,1
C00872,2023-07-01,Web Chat,4,8,1
C00872,2023-12-14,Phone,3,37,1
C00872,2023-10-02,Phone,4,50,1
C00873,2023-01-27,Phone,5,52,1
C00873,2023-07-15,Email,3,6,1
C00873,2024-09-13,Web Chat,3,9,1
C00873,2024-03-18,Web Chat,2,14,1
C00873,2024-01-19,Email,3,8,0
C00873,2024-04-10,Email,3,3,1
C00873,2024-11-01,Email,5,17,1
C00874,2023-08-01,Phone,5,41,1
C00874,2023-04-23,Phone,5,51,1
C00874,2024-08-28,Phone,5,46,1
C00874,2023-09-27,Web Chat,4,5,1
C00874,2024-06-07,Web Chat,5,18,1
C00875,2024-11-07,Web Chat,3,7,1
C00875,2024-03-09,Email,5,15,1
C00875,2023-03-09,Web Chat,5,17,1
C00876,2024-07-16,Email,4,6,0
C00876,2023-07-13,Phone,4,18,1
C00876,2023-12-13,Phone,2,38,1
C00877,2024-12-08,Phone,3,54,1
C00877,2023-03-25,Web Chat,4,9,1
C00877,2023-05-11,Web Chat,2,11,1
C00877,2023-12-06,Email,4,17,1
C00877,2024-10-11,Phone,3,55,1
C00878,2023-07-16,Phone,5,44,1
C00878,2023-05-23,Email,4,7,1
C00878,2023-11-02,Phone,4,15,1
C00879,2023-10-12,Web Chat,1,15,1
C00879,2023-12-24,Web Chat,5,13,0
C00879,2023-09-07,Phone,3,32,1
C00879,2023-06-21,Phone,3,21,1
C00879,2024-06-14,Phone,5,29,1
C00880,2023-11-26,Web Chat,2,3,1
C00881,2023-11-21,Web Chat,2,14,0
C00881,2023-03-26,Web Chat,1,11,1
C00882,2023-09-08,Email,3,8,1
C00882,2024-10-09,Email,1,19,1
C00882,2024-07-18,Phone,4,27,0
C00882,2023-08-19,Phone,4,18,1
C00883,2024-04-02,Phone,2,18,1
C00883,2024-09-27,Email,2,14,1
C00883,2024-08-28,Phone,3,43,1
C00884,2024-04-13,Phone,2,29,0
C00884,2024-09-03,Email,3,12,0
C00885,2024-04-28,Web Chat,4,19,1
C00885,2023-05-14,Phone,3,57,1
C00886,2024-02-13,Phone,5,54,1
C00886,2023-06-11,Phone,3,36,1
C00886,2024-04-27,Email,3,9,1
C00886,2024-11-15,Phone,3,39,1
C00886,2023-07-15,Phone,5,44,1
C00887,2023-09-10,Phone,3,24,1
C00887,2024-07-13,Web Chat,5,9,0
C00887,2023-05-06,Email,4,7,1
C00887,2024-08-16,Email,5,15,1
C00888,2023-02-17,Web Chat,3,18,1
C00888,2024-06-26,Web Chat,3,17,1
C00888,2023-06-02,Email,2,10,1
C00888,2023-11-14,Email,1,5,1
C00888,2024-12-01,Phone,1,47,0
C00888,2024-09-07,Phone,5,49,1
C00888,2023-06-11,Phone,1,49,1
C00889,2023-08-14,Phone,5,43,1
C00889,2023-06-02,Email,2,13,0
C00890,2024-12-08,Web Chat,3,9,1
C00891,2024-11-01,Email,5,10,1
C00892,2024-04-13,Email,3,14,1
C00892,2023-05-04,Phone,3,38,1
C00892,2024-11-05,Web Chat,3,9,1
C00893,2024-08-03,Email,2,19,1
C00893,2023-06-13,Web Chat,5,16,1
C00893,2023-08-08,Email,5,17,0
C00893,2024-06-08,Phone,3,55,1
C00893,2023-04-26,Web Chat,3,15,1
C00893,2023-02-25,Email,3,11,1
C00894,2024-09-06,Phone,1,18,1
C00894,2023-11-15,Web Chat,2,12,1
C00894,2023-08-24,Email,3,6,1
C00894,2024-12-01,Email,4,17,0
C00894,2023-05-10,Web Chat,4,16,1
C00895,2024-07-24,Email,5,7,1
C00896,2023-05-04,Email,4,19,1
C00896,2024-05-04,Phone,5,23,1
C00896,2023-03-05,Email,4,12,1
C00896,2023-01-17,Web Chat,2,6,1
C00896,2024-11-22,Web Chat,5,9,1
C00896,2023-09-09,Email,4,4,1
C00897,2023-09-09,Email,2,19,0
C00897,2024-07-16,Web Chat,5,13,0
C00898,2023-03-12,Phone,3,51,1
C00898,2024-10-02,Email,4,16,1
C00898,2023-07-12,Phone,2,51,1
C00898,2024-03-23,Web Chat,3,5,1
C00898,2024-04-01,Phone,3,58,1
C00898,2024-06-15,Web Chat,3,10,0
C00899,2023-09-27,Web Chat,4,12,1
C00899,2024-11-23,Web Chat,1,4,0
C00899,2023-11-18,Email,3,3,1
C00900,2023-02-11,Phone,2,23,1
C00900,2023-02-24,Email,3,14,1
C00900,2024-06-07,Phone,3,47,1
C00900,2023-03-09,Phone,4,48,1
C00900,2023-01-17,Email,4,11,1
C00900,2024-11-01,Email,4,18,0
C00901,2024-12-24,Email,5,6,1
C00901,2023-12-21,Email,3,14,0
C00901,2023-09-14,Phone,4,27,1
C00902,2024-07-15,Web Chat,3,16,1
C00902,2023-07-15,Email,2,7,1
C00903,2023-05-14,Phone,4,50,1
C00903,2024-05-03,Email,4,13,1
C00904,2023-01-02,Web Chat,5,5,0
C00904,2024-06-16,Email,3,3,1
C00904,2024-05-18,Phone,4,59,1
C00904,2023-01-16,Web Chat,5,5,1
C00904,2024-12-13,Web Chat,4,15,1
C00904,2024-08-01,Phone,5,50,1
C00905,2024-04-13,Web Chat,4,6,0
C00906,2024-04-24,Web Chat,3,4,1
C00906,2024-11-03,Phone,2,15,1
C00906,2023-01-24,Email,2,5,0
C00906,2024-04-19,Web Chat,2,17,1
C00906,2023-11-27,Phone,4,23,1
C00906,2023-09-21,Email,3,8,1
C00907,2023-04-24,Web Chat,5,16,1
C00907,2024-02-18,Email,4,14,1
C00907,2023-06-13,Email,3,5,1
C00908,2023-04-06,Email,4,5,1
C00908,2023-04-12,Phone,4,22,0
C00908,2024-10-14,Email,3,15,1
C00909,2023-04-19,Email,5,15,1
C00909,2023-12-22,Web Chat,2,18,1
C00910,2023-03-23,Email,2,9,1
C00911,2023-08-16,Email,4,15,1
C00912,2024-02-18,Phone,4,50,1
C00912,2024-05-17,Email,3,7,0
C00913,2024-01-14,Email,4,15,1
C00913,2024-07-02,Email,5,18,1
C00913,2023-06-12,Phone,5,48,1
C00914,2023-12-12,Email,5,19,1
C00914,2024-09-25,Email,5,8,1
C00915,2024-08-16,Email,4,16,1
C00915,2024-10-18,Email,5,14,1
C00915,2024-10-24,Phone,3,39,1
C00915,2024-06-26,Phone,4,20,1
C00915,2024-12-02,Phone,4,53,1
C00916,2024-07-09,Web Chat,5,12,1
C00916,2024-08-28,Web Chat,3,9,1
C00916,2024-12-16,Web Chat,3,10,1
C00917,2023-06-18,Web Chat,3,15,1
C00917,2023-03-16,Web Chat,4,12,0
C00918,2024-02-15,Phone,3,42,1
C00918,2024-10-17,Phone,4,58,0
C00919,2024-02-02,Email,3,5,1
C00919,2023-12-13,Email,1,9,1
C00919,2024-04-01,Phone,5,52,1
C00920,2024-11-22,Phone,4,26,0
C00920,2024-11-15,Phone,3,55,1
C00920,2024-07-16,Web Chat,2,14,1
C00920,2023-02-03,Phone,3,35,1
C00920,2024-05-24,Phone,2,48,1
C00921,2024-09-14,Web Chat,3,11,1
C00921,2024-03-06,Web Chat,3,9,1
C00921,2023-12-04,Web Chat,2,13,0
C00921,2024-09-24,Phone,1,46,1
C00922,2024-01-14,Email,2,3,1
C00922,2023-12-26,Phone,3,53,1
C00923,2023-12-28,Web Chat,3,8,1
C00923,2023-03-03,Email,2,7,1
C00923,2023-08-09,Email,3,9,1
C00923,2023-07-24,Phone,1,54,0
C00924,2024-01-11,Email,2,18,1
C00924,2024-08-06,Phone,4,17,1
C00925,2023-06-25,Email,4,16,1
C00925,2023-02-27,Email,5,16,1
C00925,2024-06-04,Phone,5,32,0
C00926,2024-03-26,Phone,2,52,1
C00926,2024-09-17,Email,3,7,0
C00926,2023-06-21,Email,1,7,1
C00927,2024-03-27,Phone,2,51,1
C00927,2024-05-05,Web Chat,4,17,1
C00927,2024-09-15,Phone,2,19,1
C00927,2024-11-24,Phone,3,24,1
C00928,2024-07-02,Phone,3,59,1
C00929,2024-04-06,Web Chat,3,17,1
C00929,2024-02-16,Phone,5,53,1
C00929,2024-09-21,Web Chat,3,15,1
C00930,2024-01-08,Web Chat,2,11,0
C00930,2023-01-12,Web Chat,4,18,1
C00930,2024-05-22,Phone,2,41,1
C00931,2024-05-27,Email,4,5,1
C00931,2024-10-24,Web Chat,5,7,1
C00931,2024-09-22,Email,2,10,1
C00931,2024-12-11,Email,5,15,1
C00932,2023-05-03,Phone,3,26,0
C00933,2023-06-26,Phone,4,49,1
C00933,2023-06-09,Phone,4,55,1
C00933,2023-11-17,Phone,4,49,1
C00934,2023-12-10,Web Chat,5,13,1
C00934,2024-03-16,Web Chat,4,3,1
C00935,2023-07-16,Phone,4,21,1
C00935,2023-08-18,Phone,3,22,1
C00935,2023-12-28,Phone,1,47,1
C00935,2023-09-16,Email,4,8,0
C00935,2023-06-27,Phone,2,19,1
C00935,2024-08-24,Web Chat,2,19,1
C00935,2024-06-18,Phone,1,18,1
C00936,2023-10-16,Email,3,4,1
C00937,2023-02-16,Web Chat,4,6,1
C00937,2023-08-24,Email,2,5,1
C00937,2023-09-20,Web Chat,3,8,1
C00938,2024-11-20,Phone,4,36,1
C00938,2024-03-19,Phone,3,57,1
C00939,2023-11-03,Web Chat,4,17,1
C00939,2023-07-20,Phone,3,29,1
C00940,2024-10-14,Phone,4,21,1
C00940,2023-11-15,Phone,2,44,1
C00941,2023-08-26,Email,4,14,1
C00941,2024-12-15,Phone,2,41,1
C00941,2023-09-25,Email,3,18,1
C00942,2023-02-28,Web Chat,3,16,1
C00942,2023-09-18,Phone,2,49,1
C00943,2024-05-27,Web Chat,2,18,1
C00943,2024-11-27,Web Chat,3,15,1
C00943,2024-10-23,Phone,4,37,1
C00943,2024-08-28,Email,5,13,1
C00943,2023-07-22,Phone,5,19,1
C00943,2024-06-16,Phone,3,54,0
C00943,2024-04-06,Phone,5,23,1
C00944,2023-10-05,Email,4,17,1
C00944,2023-06-01,Phone,5,25,1
C00944,2023-12-25,Phone,3,40,1
C00944,2023-07-03,Phone,4,52,1
C00945,2023-03-03,Web Chat,5,15,0
C00945,2023-04-01,Email,5,7,1
C00946,2024-10-13,Web Chat,5,4,0
C00947,2024-11-03,Email,4,18,1
C00947,2023-11-05,Email,5,9,0
C00947,2024-05-26,Phone,5,53,1
C00947,2023-12-18,Email,2,9,1
C00947,2024-10-15,Phone,2,54,1
C00947,2023-03-10,Web Chat,4,6,1
C00948,2024-05-10,Phone,2,39,1
C00948,2023-08-05,Web Chat,5,10,1
C00948,2024-07-12,Phone,5,26,1
C00948,2024-01-15,Phone,2,47,1
C00949,2024-02-14,Web Chat,3,17,1
C00949,2024-04-27,Web Chat,2,18,1
C00949,2023-04-28,Phone,3,45,1
C00949,2024-01-02,Phone,3,58,1
C00950,2023-09-10,Email,5,6,1
C00951,2023-10-27,Phone,5,37,0
C00951,2023-06-17,Phone,5,26,1
C00952,2023-08-21,Email,3,10,1
C00952,2024-11-16,Email,4,14,1
C00953,2023-04-01,Web Chat,1,14,0
C00953,2024-08-17,Email,5,4,1
C00953,2023-07-12,Web Chat,3,11,1
C00953,2023-10-03,Email,3,4,1
C00953,2024-03-04,Web Chat,3,17,1
C00953,2023-09-07,Web Chat,2,16,1
C00954,2024-09-01,Web Chat,5,12,0
C00954,2023-11-11,Email,3,3,1
C00955,2024-01-07,Web Chat,2,10,1
C00955,2024-04-14,Email,5,13,1
C00955,2024-11-15,Web Chat,1,8,1
C00955,2024-05-09,Web Chat,5,19,0
C00956,2023-11-13,Email,5,5,1
C00957,2024-08-13,Web Chat,1,15,0
C00957,2024-10-21,Web Chat,1,9,1
C00957,2024-05-10,Web Chat,4,19,1
C00958,2023-04-10,Web Chat,4,11,1
C00958,2023-01-04,Email,4,11,1
C00958,2023-01-03,Email,5,5,1
C00958,2024-11-06,Web Chat,3,19,1
C00958,2023-11-11,Email,3,19,0
C00958,2024-04-18,Phone,2,16,1
C00959,2024-05-18,Web Chat,1,16,1
C00959,2024-12-03,Email,5,8,1
C00959,2023-11-20,Phone,3,16,1
C00960,2023-09-19,Phone,5,58,0
C00960,2024-01-01,Phone,2,49,1
C00961,2023-07-21,Phone,2,35,1
C00961,2024-12-05,Web Chat,2,17,1
C00961,2023-12-04,Email,3,12,1
C00962,2024-07-12,Email,5,19,1
C00962,2024-12-26,Phone,5,30,0
C00962,2023-09-25,Web Chat,4,5,1
C00963,2024-04-18,Email,2,9,1
C00964,2023-08-01,Email,5,4,1
C00964,2023-06-23,Email,1,11,1
C00964,2024-04-05,Email,3,12,0
C00964,2023-10-16,Email,2,17,0
C00965,2023-02-18,Phone,4,32,1
C00965,2024-04-16,Email,1,5,1
C00965,2024-02-23,Email,1,18,1
C00965,2023-09-12,Phone,3,38,0
C00965,2024-03-13,Phone,4,23,1
C00965,2024-06-21,Phone,4,52,1
C00966,2024-12-10,Email,3,12,1
C00966,2024-12-09,Web Chat,3,18,1
C00966,2024-11-04,Phone,3,46,1
C00966,2024-01-20,Email,4,15,1
C00967,2023-06-10,Web Chat,1,17,1
C00967,2023-07-18,Web Chat,2,9,0
C00967,2024-10-16,Phone,1,53,1
C00967,2024-06-21,Web Chat,4,17,0
C00968,2024-11-15,Email,5,16,1
C00968,2023-12-23,Email,2,13,1
C00969,2024-09-20,Phone,4,56,1
C00969,2023-11-04,Phone,3,48,1
C00969,2023-10-14,Phone,2,58,1
C00969,2024-09-17,Phone,3,46,1
C00969,2023-08-17,Email,3,13,1
C00969,2024-05-06,Email,3,7,1
C00970,2024-02-08,Email,3,6,1
C00970,2023-03-08,Email,3,18,1
C00971,2023-01-27,Email,3,13,1
C00971,2024-11-11,Web Chat,5,6,0
C00971,2024-11-21,Email,3,13,1
C00972,2023-02-04,Email,3,17,1
C00972,2024-10-22,Phone,2,43,0
C00973,2024-08-10,Email,4,19,1
C00973,2023-08-12,Phone,3,39,1
C00974,2024-12-15,Email,3,18,1
C00974,2024-04-25,Phone,5,32,1
C00974,2023-11-28,Phone,4,50,1
C00975,2024-08-14,Phone,5,49,1
C00975,2023-09-19,Web Chat,5,6,1
C00975,2024-01-28,Phone,5,48,0
C00975,2023-08-17,Email,3,8,0
C00975,2023-02-03,Email,5,7,1
C00975,2023-10-25,Phone,3,25,1
C00976,2023-02-21,Email,4,15,1
C00976,2023-02-01,Email,4,9,1
C00976,2023-06-18,Email,4,16,1
C00977,2023-04-20,Web Chat,4,8,0
C00977,2024-09-04,Email,4,7,1
C00977,2024-08-15,Phone,5,41,0
C00977,2023-10-20,Web Chat,4,10,1
C00977,2023-12-19,Email,5,3,1
C00978,2024-09-10,Email,4,10,0
C00978,2023-01-11,Web Chat,4,8,1
C00978,2024-07-04,Web Chat,2,16,1
C00978,2024-09-23,Email,5,6,1
C00979,2023-02-09,Phone,3,16,1
C00979,2024-02-04,Email,3,5,1
C00980,2023-01-15,Phone,5,18,0
C00980,2024-12-02,Email,3,13,1
C00981,2024-01-04,Email,4,5,1
C00981,2023-04-18,Phone,2,33,1
C00981,2023-03-02,Email,3,7,1
C00981,2023-09-24,Web Chat,5,13,1
C00981,2024-11-12,Phone,2,52,0
C00981,2024-03-09,Phone,5,59,0
C00981,2023-01-10,Phone,4,29,0
C00982,2023-07-05,Phone,4,18,1
C00982,2023-10-19,Web Chat,5,15,1
C00983,2024-09-15,Web Chat,3,4,1
C00984,2023-03-12,Web Chat,2,3,1
C00984,2024-04-22,Email,4,4,1
C00984,2023-08-10,Phone,4,18,1
C00985,2024-03-19,Phone,3,53,1
C00986,2023-03-05,Web Chat,3,18,1
C00986,2023-10-02,Phone,4,17,0
C00987,2024-01-07,Web Chat,3,7,1
C00987,2024-08-06,Web Chat,4,15,1
C00987,2024-02-22,Email,4,11,1
C00988,2024-07-08,Phone,3,54,1
C00988,2023-08-12,Email,5,18,1
C00988,2023-09-02,Email,2,18,1
C00988,2024-12-10,Email,4,14,1
C00988,2024-02-15,Web Chat,4,7,1
C00989,2023-08-28,Email,5,10,1
C00989,2024-07-25,Email,4,11,1
C00989,2024-06-25,Web Chat,1,10,1
C00990,2024-08-07,Email,3,10,1
C00990,2023-02-02,Email,5,15,1
C00990,2023-02-10,Email,3,18,1
C00990,2024-01-01,Phone,5,15,1
C00991,2024-04-10,Web Chat,3,11,1
C00991,2023-04-12,Web Chat,2,18,1
C00991,2024-11-20,Phone,2,39,1
C00991,2023-12-25,Email,5,14,1
C00991,2023-02-08,Email,2,16,1
C00992,2023-04-28,Email,2,19,1
C00992,2024-10-22,Web Chat,4,3,1
C00992,2023-01-14,Phone,3,41,1
C00992,2023-11-13,Web Chat,2,6,1
C00992,2024-09-22,Web Chat,2,13,1
C00993,2024-11-03,Web Chat,4,9,0
C00994,2024-09-21,Web Chat,3,13,1
C00994,2024-12-18,Web Chat,4,17,1
C00994,2024-01-15,Web Chat,4,13,1
C00995,2024-06-15,Phone,4,29,1
C00995,2023-05-09,Phone,4,25,1
C00996,2024-02-28,Email,3,7,1
C00996,2024-07-27,Email,4,5,1
C00996,2023-02-10,Web Chat,4,6,0
C00997,2024-06-10,Web Chat,2,9,1
C00997,2023-12-08,Email,3,7,1
C00998,2024-02-25,Web Chat,5,14,1
C00998,2023-03-04,Web Chat,4,10,1
C00998,2023-10-07,Web Chat,2,7,1
C00998,2023-02-16,Email,1,9,1
C00999,2023-10-04,Phone,5,43,1
C00999,2023-10-06,Phone,3,59,1
C01000,2023-02-23,Phone,5,52,0
C01000,2024-10-17,Phone,3,59,1
C01000,2024-01-15,Web Chat,3,6,1
