customer_id,feedback_date,rating,comments
C001,2025-11-20,5,The product has been fantastic! The new features really help streamline our workflow and save us hours every week.
C002,2025-12-06,3,It's decent but I've noticed some occasional lag during peak hours. Otherwise no major complaints about functionality.
C003,2025-11-09,3,It's decent but I've noticed some occasional lag during peak hours. Otherwise no major complaints about functionality.
C004,2025-11-07,5,I love how intuitive the interface is. My team got up to speed in no time and we're already seeing productivity gains.
C005,2025-11-18,3,Good product overall. Some features are great while others could use refinement. Looking forward to future updates.
C006,2025-11-22,2,Not worth the price in my opinion. Too many basic features are locked behind expensive add-ons and upgrades.
C007,2025-12-03,4,Been using this for months now and couldn't be happier. The value for money is excellent and support is always responsive.
C008,2025-11-04,1,The interface is unnecessarily complicated. Simple tasks require too many clicks and the UX design needs a complete overhaul.
C009,2025-11-18,1,Experiencing frequent bugs and crashes that are really disrupting our work. Support has been slow to respond to our tickets.
C010,2025-11-22,2,Not worth the price in my opinion. Too many basic features are locked behind expensive add-ons and upgrades.
C011,2025-11-11,4,This tool has become essential for our daily operations. Really appreciate the continuous improvements and new capabilities.
C012,2025-12-06,1,Very disappointed with recent changes. Features we relied on were removed without warning and the new ones don't compensate.
C013,2025-11-05,2,Experiencing frequent bugs and crashes that are really disrupting our work. Support has been slow to respond to our tickets.
C014,2025-11-24,5,I love how intuitive the interface is. My team got up to speed in no time and we're already seeing productivity gains.
C015,2025-11-28,2,Experiencing frequent bugs and crashes that are really disrupting our work. Support has been slow to respond to our tickets.
C016,2025-11-20,3,The product works fine for basic needs but I think there's room for improvement in some of the advanced features.
C017,2025-11-23,2,Poor customer service experience. Waited over a week for a response to a critical issue that was blocking our entire team.
C018,2025-11-07,3,Average experience. The core features work well but some of the newer additions feel incomplete or unintuitive.
C019,2025-11-10,2,The platform feels clunky and outdated compared to competitors. Navigation is confusing and certain tasks take way too many steps.
C020,2025-11-12,4,The product has been fantastic! The new features really help streamline our workflow and save us hours every week.
C021,2025-11-12,3,Average experience. The core features work well but some of the newer additions feel incomplete or unintuitive.
C022,2025-11-16,3,The platform does what it promises but the learning curve was steeper than expected. More tutorials would be helpful.
C023,2025-11-07,4,The product has been fantastic! The new features really help streamline our workflow and save us hours every week.
C024,2025-12-01,2,Poor customer service experience. Waited over a week for a response to a critical issue that was blocking our entire team.
C025,2025-11-30,3,Works as advertised. Interface could be more modern but functionality is solid. Would like to see better mobile support.
C026,2025-11-15,2,Experiencing frequent bugs and crashes that are really disrupting our work. Support has been slow to respond to our tickets.
C027,2025-11-13,4,"Great experience overall. The platform is stable, features are robust, and the team clearly listens to user feedback."
C028,2025-11-18,1,Not worth the price in my opinion. Too many basic features are locked behind expensive add-ons and upgrades.
C029,2025-11-23,5,This tool has become essential for our daily operations. Really appreciate the continuous improvements and new capabilities.
C030,2025-12-05,3,The product works fine for basic needs but I think there's room for improvement in some of the advanced features.
C031,2025-11-08,3,The platform does what it promises but the learning curve was steeper than expected. More tutorials would be helpful.
C032,2025-11-17,1,Very disappointed with recent changes. Features we relied on were removed without warning and the new ones don't compensate.
C033,2025-11-28,3,It's okay for our needs. Performance is generally acceptable though we've had a few minor bugs here and there.
C034,2025-11-28,5,Customer support team was incredibly helpful and resolved my issue within minutes. Very impressed with the service quality.
C035,2025-11-25,5,The recent updates have made a huge difference. Performance is much faster and the new dashboard is exactly what we needed.
C036,2025-11-17,1,The interface is unnecessarily complicated. Simple tasks require too many clicks and the UX design needs a complete overhaul.
C037,2025-11-01,5,The recent updates have made a huge difference. Performance is much faster and the new dashboard is exactly what we needed.
C038,2025-11-24,4,Customer support team was incredibly helpful and resolved my issue within minutes. Very impressed with the service quality.
C039,2025-11-22,5,"Great experience overall. The platform is stable, features are robust, and the team clearly listens to user feedback."
C040,2025-11-08,3,Works as advertised. Interface could be more modern but functionality is solid. Would like to see better mobile support.
C041,2025-11-27,3,Average experience. The core features work well but some of the newer additions feel incomplete or unintuitive.
C042,2025-11-19,5,I love how intuitive the interface is. My team got up to speed in no time and we're already seeing productivity gains.
C043,2025-11-13,4,This tool has become essential for our daily operations. Really appreciate the continuous improvements and new capabilities.
C044,2025-11-12,5,Been using this for months now and couldn't be happier. The value for money is excellent and support is always responsive.
C045,2025-11-26,5,The product has been fantastic! The new features really help streamline our workflow and save us hours every week.
C046,2025-11-20,3,Good product overall. Some features are great while others could use refinement. Looking forward to future updates.
C047,2025-11-28,5,"Great experience overall. The platform is stable, features are robust, and the team clearly listens to user feedback."
C048,2025-11-30,4,Excellent product! The integration with our existing systems was seamless and the documentation is very comprehensive.
C049,2025-11-14,5,Excellent product! The integration with our existing systems was seamless and the documentation is very comprehensive.
C050,2025-11-11,1,Not worth the price in my opinion. Too many basic features are locked behind expensive add-ons and upgrades.
C051,2025-12-03,5,"Great experience overall. The platform is stable, features are robust, and the team clearly listens to user feedback."
C052,2025-11-06,2,Not worth the price in my opinion. Too many basic features are locked behind expensive add-ons and upgrades.
C053,2025-11-15,2,The platform feels clunky and outdated compared to competitors. Navigation is confusing and certain tasks take way too many steps.
C054,2025-11-02,1,Poor customer service experience. Waited over a week for a response to a critical issue that was blocking our entire team.
C055,2025-12-01,5,Customer support team was incredibly helpful and resolved my issue within minutes. Very impressed with the service quality.
C056,2025-11-30,4,The recent updates have made a huge difference. Performance is much faster and the new dashboard is exactly what we needed.
C057,2025-11-25,4,This tool has become essential for our daily operations. Really appreciate the continuous improvements and new capabilities.
C058,2025-11-16,2,Experiencing frequent bugs and crashes that are really disrupting our work. Support has been slow to respond to our tickets.
C059,2025-11-07,4,The recent updates have made a huge difference. Performance is much faster and the new dashboard is exactly what we needed.
C060,2025-11-12,5,Excellent product! The integration with our existing systems was seamless and the documentation is very comprehensive.
C061,2025-11-04,5,The recent updates have made a huge difference. Performance is much faster and the new dashboard is exactly what we needed.
C062,2025-11-08,4,I love how intuitive the interface is. My team got up to speed in no time and we're already seeing productivity gains.
C063,2025-11-30,5,"Great experience overall. The platform is stable, features are robust, and the team clearly listens to user feedback."
C064,2025-11-29,5,This tool has become essential for our daily operations. Really appreciate the continuous improvements and new capabilities.
C065,2025-12-06,4,I love how intuitive the interface is. My team got up to speed in no time and we're already seeing productivity gains.
C066,2025-12-01,4,Been using this for months now and couldn't be happier. The value for money is excellent and support is always responsive.
C067,2025-11-16,3,Meets expectations but doesn't exceed them. Reliable for day-to-day use but nothing particularly innovative or exciting.
C068,2025-11-16,3,Meets expectations but doesn't exceed them. Reliable for day-to-day use but nothing particularly innovative or exciting.
C069,2025-11-05,3,Good product overall. Some features are great while others could use refinement. Looking forward to future updates.
C070,2025-11-18,3,It's okay for our needs. Performance is generally acceptable though we've had a few minor bugs here and there.
C071,2025-12-05,1,The platform feels clunky and outdated compared to competitors. Navigation is confusing and certain tasks take way too many steps.
C072,2025-11-10,2,The interface is unnecessarily complicated. Simple tasks require too many clicks and the UX design needs a complete overhaul.
C073,2025-11-10,2,Very disappointed with recent changes. Features we relied on were removed without warning and the new ones don't compensate.
C074,2025-11-27,4,"Great experience overall. The platform is stable, features are robust, and the team clearly listens to user feedback."
C075,2025-12-05,4,This tool has become essential for our daily operations. Really appreciate the continuous improvements and new capabilities.
C076,2025-11-04,2,The interface is unnecessarily complicated. Simple tasks require too many clicks and the UX design needs a complete overhaul.
C077,2025-11-25,5,The product has been fantastic! The new features really help streamline our workflow and save us hours every week.
C078,2025-11-25,4,The product has been fantastic! The new features really help streamline our workflow and save us hours every week.
C079,2025-11-23,3,Average experience. The core features work well but some of the newer additions feel incomplete or unintuitive.
C080,2025-11-27,5,The recent updates have made a huge difference. Performance is much faster and the new dashboard is exactly what we needed.
C081,2025-12-02,2,Not worth the price in my opinion. Too many basic features are locked behind expensive add-ons and upgrades.
C082,2025-11-28,4,The product has been fantastic! The new features really help streamline our workflow and save us hours every week.
C083,2025-11-25,3,Average experience. The core features work well but some of the newer additions feel incomplete or unintuitive.
C084,2025-11-11,4,I love how intuitive the interface is. My team got up to speed in no time and we're already seeing productivity gains.
C085,2025-12-05,1,The interface is unnecessarily complicated. Simple tasks require too many clicks and the UX design needs a complete overhaul.
C086,2025-11-02,1,The interface is unnecessarily complicated. Simple tasks require too many clicks and the UX design needs a complete overhaul.
C087,2025-11-09,4,I love how intuitive the interface is. My team got up to speed in no time and we're already seeing productivity gains.
C088,2025-11-04,3,Average experience. The core features work well but some of the newer additions feel incomplete or unintuitive.
C089,2025-11-21,2,Integration problems persist despite multiple support tickets. This is causing serious workflow disruptions for our organization.
C090,2025-11-21,3,Average experience. The core features work well but some of the newer additions feel incomplete or unintuitive.
C091,2025-11-18,4,Been using this for months now and couldn't be happier. The value for money is excellent and support is always responsive.
C092,2025-11-06,4,The product has been fantastic! The new features really help streamline our workflow and save us hours every week.
C093,2025-12-05,1,System downtime has been a major problem lately. We've lost productivity multiple times due to unexpected outages.
C094,2025-11-15,1,Experiencing frequent bugs and crashes that are really disrupting our work. Support has been slow to respond to our tickets.
C095,2025-11-02,2,Poor customer service experience. Waited over a week for a response to a critical issue that was blocking our entire team.
C096,2025-11-02,5,I love how intuitive the interface is. My team got up to speed in no time and we're already seeing productivity gains.
C097,2025-11-16,2,Integration problems persist despite multiple support tickets. This is causing serious workflow disruptions for our organization.
C098,2025-11-08,5,The recent updates have made a huge difference. Performance is much faster and the new dashboard is exactly what we needed.
C099,2025-11-30,3,It's okay for our needs. Performance is generally acceptable though we've had a few minor bugs here and there.
C100,2025-11-11,5,Customer support team was incredibly helpful and resolved my issue within minutes. Very impressed with the service quality.
C101,2025-11-11,3,It's decent but I've noticed some occasional lag during peak hours. Otherwise no major complaints about functionality.
C102,2025-11-02,3,Average experience. The core features work well but some of the newer additions feel incomplete or unintuitive.
C103,2025-11-26,2,Very disappointed with recent changes. Features we relied on were removed without warning and the new ones don't compensate.
C104,2025-11-16,1,Not worth the price in my opinion. Too many basic features are locked behind expensive add-ons and upgrades.
C105,2025-11-08,5,The product has been fantastic! The new features really help streamline our workflow and save us hours every week.
C106,2025-11-23,5,This tool has become essential for our daily operations. Really appreciate the continuous improvements and new capabilities.
C107,2025-11-24,1,System downtime has been a major problem lately. We've lost productivity multiple times due to unexpected outages.
C108,2025-11-01,4,Excellent product! The integration with our existing systems was seamless and the documentation is very comprehensive.
C109,2025-11-07,4,"Great experience overall. The platform is stable, features are robust, and the team clearly listens to user feedback."
C110,2025-11-30,2,The interface is unnecessarily complicated. Simple tasks require too many clicks and the UX design needs a complete overhaul.
C111,2025-11-12,5,Been using this for months now and couldn't be happier. The value for money is excellent and support is always responsive.
C112,2025-12-05,4,Excellent product! The integration with our existing systems was seamless and the documentation is very comprehensive.
C113,2025-11-28,5,Been using this for months now and couldn't be happier. The value for money is excellent and support is always responsive.
C114,2025-11-21,2,Very disappointed with recent changes. Features we relied on were removed without warning and the new ones don't compensate.
C115,2025-11-18,4,The recent updates have made a huge difference. Performance is much faster and the new dashboard is exactly what we needed.
C116,2025-11-30,5,This tool has become essential for our daily operations. Really appreciate the continuous improvements and new capabilities.
C117,2025-11-22,1,Integration problems persist despite multiple support tickets. This is causing serious workflow disruptions for our organization.
C118,2025-11-21,2,Integration problems persist despite multiple support tickets. This is causing serious workflow disruptions for our organization.
C119,2025-11-14,3,Works as advertised. Interface could be more modern but functionality is solid. Would like to see better mobile support.
C120,2025-11-22,3,Works as advertised. Interface could be more modern but functionality is solid. Would like to see better mobile support.
C121,2025-12-06,1,Poor customer service experience. Waited over a week for a response to a critical issue that was blocking our entire team.
C122,2025-11-06,2,The interface is unnecessarily complicated. Simple tasks require too many clicks and the UX design needs a complete overhaul.
C123,2025-12-02,5,The recent updates have made a huge difference. Performance is much faster and the new dashboard is exactly what we needed.
C124,2025-12-01,4,Excellent product! The integration with our existing systems was seamless and the documentation is very comprehensive.
C125,2025-11-02,1,Not worth the price in my opinion. Too many basic features are locked behind expensive add-ons and upgrades.
C126,2025-11-15,4,The recent updates have made a huge difference. Performance is much faster and the new dashboard is exactly what we needed.
C127,2025-11-20,5,"Great experience overall. The platform is stable, features are robust, and the team clearly listens to user feedback."
C128,2025-12-01,5,"Great experience overall. The platform is stable, features are robust, and the team clearly listens to user feedback."
C129,2025-11-28,5,"Great experience overall. The platform is stable, features are robust, and the team clearly listens to user feedback."
C130,2025-11-23,4,Been using this for months now and couldn't be happier. The value for money is excellent and support is always responsive.
C131,2025-11-20,3,Good product overall. Some features are great while others could use refinement. Looking forward to future updates.
C132,2025-11-08,2,System downtime has been a major problem lately. We've lost productivity multiple times due to unexpected outages.
C133,2025-11-08,5,I love how intuitive the interface is. My team got up to speed in no time and we're already seeing productivity gains.
C134,2025-11-13,2,Integration problems persist despite multiple support tickets. This is causing serious workflow disruptions for our organization.
C135,2025-11-18,5,Been using this for months now and couldn't be happier. The value for money is excellent and support is always responsive.
C136,2025-11-07,2,Not worth the price in my opinion. Too many basic features are locked behind expensive add-ons and upgrades.
C137,2025-11-15,3,The platform does what it promises but the learning curve was steeper than expected. More tutorials would be helpful.
C138,2025-11-20,1,The platform feels clunky and outdated compared to competitors. Navigation is confusing and certain tasks take way too many steps.
C139,2025-11-18,1,Experiencing frequent bugs and crashes that are really disrupting our work. Support has been slow to respond to our tickets.
C140,2025-12-06,3,The platform does what it promises but the learning curve was steeper than expected. More tutorials would be helpful.
C141,2025-12-02,1,Experiencing frequent bugs and crashes that are really disrupting our work. Support has been slow to respond to our tickets.
C142,2025-11-19,4,Excellent product! The integration with our existing systems was seamless and the documentation is very comprehensive.
C143,2025-11-29,3,The platform does what it promises but the learning curve was steeper than expected. More tutorials would be helpful.
C144,2025-11-04,3,Meets expectations but doesn't exceed them. Reliable for day-to-day use but nothing particularly innovative or exciting.
C145,2025-11-08,1,The interface is unnecessarily complicated. Simple tasks require too many clicks and the UX design needs a complete overhaul.
C146,2025-12-02,1,Experiencing frequent bugs and crashes that are really disrupting our work. Support has been slow to respond to our tickets.
C147,2025-11-10,2,Not worth the price in my opinion. Too many basic features are locked behind expensive add-ons and upgrades.
C148,2025-11-06,2,Very disappointed with recent changes. Features we relied on were removed without warning and the new ones don't compensate.
C149,2025-12-06,4,The recent updates have made a huge difference. Performance is much faster and the new dashboard is exactly what we needed.
C150,2025-12-04,4,Excellent product! The integration with our existing systems was seamless and the documentation is very comprehensive.
C151,2025-11-29,3,Average experience. The core features work well but some of the newer additions feel incomplete or unintuitive.
C152,2025-11-20,5,The product has been fantastic! The new features really help streamline our workflow and save us hours every week.
C153,2025-11-07,2,Poor customer service experience. Waited over a week for a response to a critical issue that was blocking our entire team.
C154,2025-11-17,1,The platform feels clunky and outdated compared to competitors. Navigation is confusing and certain tasks take way too many steps.
C155,2025-11-16,2,Very disappointed with recent changes. Features we relied on were removed without warning and the new ones don't compensate.
C156,2025-11-11,1,The interface is unnecessarily complicated. Simple tasks require too many clicks and the UX design needs a complete overhaul.
C157,2025-11-29,5,Excellent product! The integration with our existing systems was seamless and the documentation is very comprehensive.
C158,2025-11-19,1,Poor customer service experience. Waited over a week for a response to a critical issue that was blocking our entire team.
C159,2025-11-19,3,Meets expectations but doesn't exceed them. Reliable for day-to-day use but nothing particularly innovative or exciting.
C160,2025-11-05,2,Not worth the price in my opinion. Too many basic features are locked behind expensive add-ons and upgrades.
C161,2025-11-13,4,Customer support team was incredibly helpful and resolved my issue within minutes. Very impressed with the service quality.
C162,2025-12-05,2,The platform feels clunky and outdated compared to competitors. Navigation is confusing and certain tasks take way too many steps.
C163,2025-11-18,2,Very disappointed with recent changes. Features we relied on were removed without warning and the new ones don't compensate.
C164,2025-11-04,2,Not worth the price in my opinion. Too many basic features are locked behind expensive add-ons and upgrades.
C165,2025-11-19,4,Customer support team was incredibly helpful and resolved my issue within minutes. Very impressed with the service quality.
C166,2025-11-30,3,Average experience. The core features work well but some of the newer additions feel incomplete or unintuitive.
C167,2025-11-18,5,Excellent product! The integration with our existing systems was seamless and the documentation is very comprehensive.
C168,2025-11-29,1,Experiencing frequent bugs and crashes that are really disrupting our work. Support has been slow to respond to our tickets.
C169,2025-11-28,3,Works as advertised. Interface could be more modern but functionality is solid. Would like to see better mobile support.
C170,2025-11-02,1,Poor customer service experience. Waited over a week for a response to a critical issue that was blocking our entire team.
C171,2025-11-02,3,The product works fine for basic needs but I think there's room for improvement in some of the advanced features.
C172,2025-11-12,4,Excellent product! The integration with our existing systems was seamless and the documentation is very comprehensive.
C173,2025-11-18,2,The interface is unnecessarily complicated. Simple tasks require too many clicks and the UX design needs a complete overhaul.
C174,2025-12-02,1,Integration problems persist despite multiple support tickets. This is causing serious workflow disruptions for our organization.
C175,2025-11-23,4,"Great experience overall. The platform is stable, features are robust, and the team clearly listens to user feedback."
C176,2025-11-21,1,The platform feels clunky and outdated compared to competitors. Navigation is confusing and certain tasks take way too many steps.
C177,2025-11-22,4,Excellent product! The integration with our existing systems was seamless and the documentation is very comprehensive.
C178,2025-11-19,4,The product has been fantastic! The new features really help streamline our workflow and save us hours every week.
C179,2025-11-30,1,System downtime has been a major problem lately. We've lost productivity multiple times due to unexpected outages.
C180,2025-11-17,3,It's decent but I've noticed some occasional lag during peak hours. Otherwise no major complaints about functionality.
C181,2025-11-26,5,The product has been fantastic! The new features really help streamline our workflow and save us hours every week.
C182,2025-12-05,4,This tool has become essential for our daily operations. Really appreciate the continuous improvements and new capabilities.
C183,2025-11-04,2,System downtime has been a major problem lately. We've lost productivity multiple times due to unexpected outages.
C184,2025-12-02,4,The product has been fantastic! The new features really help streamline our workflow and save us hours every week.
C185,2025-11-14,3,The platform does what it promises but the learning curve was steeper than expected. More tutorials would be helpful.
C186,2025-11-19,4,Excellent product! The integration with our existing systems was seamless and the documentation is very comprehensive.
C187,2025-11-08,1,Poor customer service experience. Waited over a week for a response to a critical issue that was blocking our entire team.
C188,2025-11-11,3,The product works fine for basic needs but I think there's room for improvement in some of the advanced features.
C189,2025-12-06,4,Customer support team was incredibly helpful and resolved my issue within minutes. Very impressed with the service quality.
C190,2025-11-15,1,Integration problems persist despite multiple support tickets. This is causing serious workflow disruptions for our organization.
C191,2025-11-08,2,Integration problems persist despite multiple support tickets. This is causing serious workflow disruptions for our organization.
C192,2025-11-19,5,Been using this for months now and couldn't be happier. The value for money is excellent and support is always responsive.
C193,2025-11-27,4,Excellent product! The integration with our existing systems was seamless and the documentation is very comprehensive.
C194,2025-11-16,4,I love how intuitive the interface is. My team got up to speed in no time and we're already seeing productivity gains.
C195,2025-11-25,2,The platform feels clunky and outdated compared to competitors. Navigation is confusing and certain tasks take way too many steps.
C196,2025-11-05,3,Average experience. The core features work well but some of the newer additions feel incomplete or unintuitive.
C197,2025-11-22,5,Been using this for months now and couldn't be happier. The value for money is excellent and support is always responsive.
C198,2025-11-01,3,Works as advertised. Interface could be more modern but functionality is solid. Would like to see better mobile support.
C199,2025-12-02,2,Integration problems persist despite multiple support tickets. This is causing serious workflow disruptions for our organization.
C200,2025-12-05,4,"Great experience overall. The platform is stable, features are robust, and the team clearly listens to user feedback."
C201,2025-11-22,5,This tool has become essential for our daily operations. Really appreciate the continuous improvements and new capabilities.
C202,2025-11-30,3,Good product overall. Some features are great while others could use refinement. Looking forward to future updates.
C203,2025-11-16,5,This tool has become essential for our daily operations. Really appreciate the continuous improvements and new capabilities.
C204,2025-11-15,4,The product has been fantastic! The new features really help streamline our workflow and save us hours every week.
C205,2025-11-21,4,This tool has become essential for our daily operations. Really appreciate the continuous improvements and new capabilities.
C206,2025-11-25,2,Integration problems persist despite multiple support tickets. This is causing serious workflow disruptions for our organization.
C207,2025-11-03,2,System downtime has been a major problem lately. We've lost productivity multiple times due to unexpected outages.
C208,2025-11-07,4,Customer support team was incredibly helpful and resolved my issue within minutes. Very impressed with the service quality.
C209,2025-12-04,4,The product has been fantastic! The new features really help streamline our workflow and save us hours every week.
C210,2025-11-10,4,I love how intuitive the interface is. My team got up to speed in no time and we're already seeing productivity gains.
C211,2025-11-05,4,Been using this for months now and couldn't be happier. The value for money is excellent and support is always responsive.
C212,2025-11-22,5,This tool has become essential for our daily operations. Really appreciate the continuous improvements and new capabilities.
C213,2025-11-06,3,Average experience. The core features work well but some of the newer additions feel incomplete or unintuitive.
C214,2025-11-21,4,The product has been fantastic! The new features really help streamline our workflow and save us hours every week.
C215,2025-11-05,2,Not worth the price in my opinion. Too many basic features are locked behind expensive add-ons and upgrades.
C216,2025-11-15,1,The interface is unnecessarily complicated. Simple tasks require too many clicks and the UX design needs a complete overhaul.
C217,2025-11-07,1,Integration problems persist despite multiple support tickets. This is causing serious workflow disruptions for our organization.
C218,2025-11-11,3,The product works fine for basic needs but I think there's room for improvement in some of the advanced features.
C219,2025-11-03,3,The product works fine for basic needs but I think there's room for improvement in some of the advanced features.
C220,2025-11-19,3,It's okay for our needs. Performance is generally acceptable though we've had a few minor bugs here and there.
C221,2025-11-28,2,Poor customer service experience. Waited over a week for a response to a critical issue that was blocking our entire team.
C222,2025-12-04,4,I love how intuitive the interface is. My team got up to speed in no time and we're already seeing productivity gains.
C223,2025-11-11,2,Very disappointed with recent changes. Features we relied on were removed without warning and the new ones don't compensate.
C224,2025-11-25,5,The recent updates have made a huge difference. Performance is much faster and the new dashboard is exactly what we needed.
C225,2025-12-02,5,I love how intuitive the interface is. My team got up to speed in no time and we're already seeing productivity gains.
C226,2025-11-15,4,Been using this for months now and couldn't be happier. The value for money is excellent and support is always responsive.
C227,2025-11-30,3,The product works fine for basic needs but I think there's room for improvement in some of the advanced features.
C228,2025-11-30,3,The platform does what it promises but the learning curve was steeper than expected. More tutorials would be helpful.
C229,2025-11-05,4,"Great experience overall. The platform is stable, features are robust, and the team clearly listens to user feedback."
C230,2025-11-20,4,Been using this for months now and couldn't be happier. The value for money is excellent and support is always responsive.
C231,2025-11-30,3,Good product overall. Some features are great while others could use refinement. Looking forward to future updates.
C232,2025-11-25,4,Customer support team was incredibly helpful and resolved my issue within minutes. Very impressed with the service quality.
C233,2025-11-16,4,"Great experience overall. The platform is stable, features are robust, and the team clearly listens to user feedback."
C234,2025-11-19,3,The product works fine for basic needs but I think there's room for improvement in some of the advanced features.
C235,2025-11-26,3,The product works fine for basic needs but I think there's room for improvement in some of the advanced features.
C236,2025-11-04,5,Excellent product! The integration with our existing systems was seamless and the documentation is very comprehensive.
C237,2025-11-19,2,System downtime has been a major problem lately. We've lost productivity multiple times due to unexpected outages.
C238,2025-11-15,2,Not worth the price in my opinion. Too many basic features are locked behind expensive add-ons and upgrades.
C239,2025-11-09,1,Experiencing frequent bugs and crashes that are really disrupting our work. Support has been slow to respond to our tickets.
C240,2025-11-20,4,The product has been fantastic! The new features really help streamline our workflow and save us hours every week.
C241,2025-11-24,2,Very disappointed with recent changes. Features we relied on were removed without warning and the new ones don't compensate.
C242,2025-11-19,3,Average experience. The core features work well but some of the newer additions feel incomplete or unintuitive.
C243,2025-11-12,2,The platform feels clunky and outdated compared to competitors. Navigation is confusing and certain tasks take way too many steps.
C244,2025-12-05,3,Works as advertised. Interface could be more modern but functionality is solid. Would like to see better mobile support.
C245,2025-11-11,3,Meets expectations but doesn't exceed them. Reliable for day-to-day use but nothing particularly innovative or exciting.
C246,2025-11-19,3,It's decent but I've noticed some occasional lag during peak hours. Otherwise no major complaints about functionality.
C247,2025-11-30,1,The platform feels clunky and outdated compared to competitors. Navigation is confusing and certain tasks take way too many steps.
C248,2025-11-15,4,"Great experience overall. The platform is stable, features are robust, and the team clearly listens to user feedback."
C249,2025-11-06,4,The product has been fantastic! The new features really help streamline our workflow and save us hours every week.
C250,2025-11-17,5,Customer support team was incredibly helpful and resolved my issue within minutes. Very impressed with the service quality.
C251,2025-11-30,3,Works as advertised. Interface could be more modern but functionality is solid. Would like to see better mobile support.
C252,2025-11-25,3,It's decent but I've noticed some occasional lag during peak hours. Otherwise no major complaints about functionality.
C253,2025-11-15,4,The product has been fantastic! The new features really help streamline our workflow and save us hours every week.
C254,2025-12-06,3,Good product overall. Some features are great while others could use refinement. Looking forward to future updates.
C255,2025-11-05,4,Been using this for months now and couldn't be happier. The value for money is excellent and support is always responsive.
C256,2025-11-27,1,The platform feels clunky and outdated compared to competitors. Navigation is confusing and certain tasks take way too many steps.
C257,2025-11-03,1,Not worth the price in my opinion. Too many basic features are locked behind expensive add-ons and upgrades.
C258,2025-12-02,1,Very disappointed with recent changes. Features we relied on were removed without warning and the new ones don't compensate.
C259,2025-11-16,5,I love how intuitive the interface is. My team got up to speed in no time and we're already seeing productivity gains.
C260,2025-11-25,4,"Great experience overall. The platform is stable, features are robust, and the team clearly listens to user feedback."
C261,2025-12-05,4,I love how intuitive the interface is. My team got up to speed in no time and we're already seeing productivity gains.
C262,2025-11-27,1,Integration problems persist despite multiple support tickets. This is causing serious workflow disruptions for our organization.
C263,2025-11-27,3,The product works fine for basic needs but I think there's room for improvement in some of the advanced features.
C264,2025-11-24,2,Integration problems persist despite multiple support tickets. This is causing serious workflow disruptions for our organization.
C265,2025-11-29,2,System downtime has been a major problem lately. We've lost productivity multiple times due to unexpected outages.
C266,2025-11-07,3,It's okay for our needs. Performance is generally acceptable though we've had a few minor bugs here and there.
C267,2025-11-04,4,Been using this for months now and couldn't be happier. The value for money is excellent and support is always responsive.
C268,2025-11-13,1,Integration problems persist despite multiple support tickets. This is causing serious workflow disruptions for our organization.
C269,2025-11-06,2,Experiencing frequent bugs and crashes that are really disrupting our work. Support has been slow to respond to our tickets.
C270,2025-11-04,3,Good product overall. Some features are great while others could use refinement. Looking forward to future updates.
C271,2025-11-09,5,The recent updates have made a huge difference. Performance is much faster and the new dashboard is exactly what we needed.
C272,2025-11-05,5,The recent updates have made a huge difference. Performance is much faster and the new dashboard is exactly what we needed.
C273,2025-11-14,2,System downtime has been a major problem lately. We've lost productivity multiple times due to unexpected outages.
C274,2025-11-10,5,The product has been fantastic! The new features really help streamline our workflow and save us hours every week.
C275,2025-11-18,2,The platform feels clunky and outdated compared to competitors. Navigation is confusing and certain tasks take way too many steps.
C276,2025-12-05,3,The platform does what it promises but the learning curve was steeper than expected. More tutorials would be helpful.
C277,2025-11-08,1,The platform feels clunky and outdated compared to competitors. Navigation is confusing and certain tasks take way too many steps.
C278,2025-11-01,3,Good product overall. Some features are great while others could use refinement. Looking forward to future updates.
C279,2025-11-21,1,The platform feels clunky and outdated compared to competitors. Navigation is confusing and certain tasks take way too many steps.
C280,2025-11-17,1,The platform feels clunky and outdated compared to competitors. Navigation is confusing and certain tasks take way too many steps.
C281,2025-11-27,5,Customer support team was incredibly helpful and resolved my issue within minutes. Very impressed with the service quality.
C282,2025-11-05,4,Excellent product! The integration with our existing systems was seamless and the documentation is very comprehensive.
C283,2025-11-24,5,Customer support team was incredibly helpful and resolved my issue within minutes. Very impressed with the service quality.
C284,2025-11-29,5,The recent updates have made a huge difference. Performance is much faster and the new dashboard is exactly what we needed.
C285,2025-11-03,5,Been using this for months now and couldn't be happier. The value for money is excellent and support is always responsive.
C286,2025-11-30,1,Experiencing frequent bugs and crashes that are really disrupting our work. Support has been slow to respond to our tickets.
C287,2025-12-01,4,This tool has become essential for our daily operations. Really appreciate the continuous improvements and new capabilities.
C288,2025-11-07,4,Excellent product! The integration with our existing systems was seamless and the documentation is very comprehensive.
C289,2025-11-05,1,System downtime has been a major problem lately. We've lost productivity multiple times due to unexpected outages.
C290,2025-11-10,1,The platform feels clunky and outdated compared to competitors. Navigation is confusing and certain tasks take way too many steps.
C291,2025-11-18,5,"Great experience overall. The platform is stable, features are robust, and the team clearly listens to user feedback."
C292,2025-11-25,5,Been using this for months now and couldn't be happier. The value for money is excellent and support is always responsive.
C293,2025-11-30,5,This tool has become essential for our daily operations. Really appreciate the continuous improvements and new capabilities.
C294,2025-11-07,1,Poor customer service experience. Waited over a week for a response to a critical issue that was blocking our entire team.
C295,2025-11-28,4,The recent updates have made a huge difference. Performance is much faster and the new dashboard is exactly what we needed.
C296,2025-11-27,3,Meets expectations but doesn't exceed them. Reliable for day-to-day use but nothing particularly innovative or exciting.
C297,2025-11-26,4,Customer support team was incredibly helpful and resolved my issue within minutes. Very impressed with the service quality.
C298,2025-11-21,4,"Great experience overall. The platform is stable, features are robust, and the team clearly listens to user feedback."
C299,2025-11-17,3,The platform does what it promises but the learning curve was steeper than expected. More tutorials would be helpful.
C300,2025-12-01,1,Very disappointed with recent changes. Features we relied on were removed without warning and the new ones don't compensate.
C301,2025-11-06,1,The interface is unnecessarily complicated. Simple tasks require too many clicks and the UX design needs a complete overhaul.
C302,2025-11-07,3,The platform does what it promises but the learning curve was steeper than expected. More tutorials would be helpful.
C303,2025-12-06,1,System downtime has been a major problem lately. We've lost productivity multiple times due to unexpected outages.
C304,2025-11-08,4,"Great experience overall. The platform is stable, features are robust, and the team clearly listens to user feedback."
C305,2025-11-28,1,Not worth the price in my opinion. Too many basic features are locked behind expensive add-ons and upgrades.
C306,2025-11-20,3,It's decent but I've noticed some occasional lag during peak hours. Otherwise no major complaints about functionality.
C307,2025-12-03,2,The platform feels clunky and outdated compared to competitors. Navigation is confusing and certain tasks take way too many steps.
C308,2025-12-01,2,Very disappointed with recent changes. Features we relied on were removed without warning and the new ones don't compensate.
C309,2025-11-23,5,"Great experience overall. The platform is stable, features are robust, and the team clearly listens to user feedback."
C310,2025-11-08,3,Good product overall. Some features are great while others could use refinement. Looking forward to future updates.
C311,2025-11-28,5,The product has been fantastic! The new features really help streamline our workflow and save us hours every week.
C312,2025-11-18,1,The platform feels clunky and outdated compared to competitors. Navigation is confusing and certain tasks take way too many steps.
C313,2025-11-18,3,It's okay for our needs. Performance is generally acceptable though we've had a few minor bugs here and there.
C314,2025-11-23,1,The platform feels clunky and outdated compared to competitors. Navigation is confusing and certain tasks take way too many steps.
C315,2025-11-10,5,This tool has become essential for our daily operations. Really appreciate the continuous improvements and new capabilities.
C316,2025-11-05,2,Experiencing frequent bugs and crashes that are really disrupting our work. Support has been slow to respond to our tickets.
C317,2025-11-06,5,The recent updates have made a huge difference. Performance is much faster and the new dashboard is exactly what we needed.
C318,2025-11-25,4,Excellent product! The integration with our existing systems was seamless and the documentation is very comprehensive.
C319,2025-11-22,2,System downtime has been a major problem lately. We've lost productivity multiple times due to unexpected outages.
C320,2025-11-20,3,It's decent but I've noticed some occasional lag during peak hours. Otherwise no major complaints about functionality.
C321,2025-11-04,2,The platform feels clunky and outdated compared to competitors. Navigation is confusing and certain tasks take way too many steps.
C322,2025-11-04,1,Not worth the price in my opinion. Too many basic features are locked behind expensive add-ons and upgrades.
C323,2025-11-29,4,Excellent product! The integration with our existing systems was seamless and the documentation is very comprehensive.
C324,2025-11-29,4,Been using this for months now and couldn't be happier. The value for money is excellent and support is always responsive.
C325,2025-11-14,5,Customer support team was incredibly helpful and resolved my issue within minutes. Very impressed with the service quality.
C326,2025-11-23,4,Customer support team was incredibly helpful and resolved my issue within minutes. Very impressed with the service quality.
C327,2025-11-19,5,Excellent product! The integration with our existing systems was seamless and the documentation is very comprehensive.
C328,2025-12-04,3,The product works fine for basic needs but I think there's room for improvement in some of the advanced features.
C329,2025-11-15,4,The product has been fantastic! The new features really help streamline our workflow and save us hours every week.
C330,2025-11-01,2,Not worth the price in my opinion. Too many basic features are locked behind expensive add-ons and upgrades.
C331,2025-11-14,2,Not worth the price in my opinion. Too many basic features are locked behind expensive add-ons and upgrades.
C332,2025-11-19,3,It's decent but I've noticed some occasional lag during peak hours. Otherwise no major complaints about functionality.
C333,2025-11-01,4,This tool has become essential for our daily operations. Really appreciate the continuous improvements and new capabilities.
C334,2025-11-12,2,The interface is unnecessarily complicated. Simple tasks require too many clicks and the UX design needs a complete overhaul.
C335,2025-12-05,2,System downtime has been a major problem lately. We've lost productivity multiple times due to unexpected outages.
C336,2025-11-05,4,The product has been fantastic! The new features really help streamline our workflow and save us hours every week.
C337,2025-11-28,1,Integration problems persist despite multiple support tickets. This is causing serious workflow disruptions for our organization.
C338,2025-11-05,3,Average experience. The core features work well but some of the newer additions feel incomplete or unintuitive.
C339,2025-11-26,4,Been using this for months now and couldn't be happier. The value for money is excellent and support is always responsive.
C340,2025-11-08,4,The product has been fantastic! The new features really help streamline our workflow and save us hours every week.
C341,2025-11-21,2,Integration problems persist despite multiple support tickets. This is causing serious workflow disruptions for our organization.
C342,2025-11-24,1,The interface is unnecessarily complicated. Simple tasks require too many clicks and the UX design needs a complete overhaul.
C343,2025-11-07,2,The interface is unnecessarily complicated. Simple tasks require too many clicks and the UX design needs a complete overhaul.
C344,2025-11-26,5,Customer support team was incredibly helpful and resolved my issue within minutes. Very impressed with the service quality.
C345,2025-11-26,3,It's okay for our needs. Performance is generally acceptable though we've had a few minor bugs here and there.
C346,2025-11-15,3,The platform does what it promises but the learning curve was steeper than expected. More tutorials would be helpful.
C347,2025-11-05,5,Customer support team was incredibly helpful and resolved my issue within minutes. Very impressed with the service quality.
C348,2025-12-04,5,The recent updates have made a huge difference. Performance is much faster and the new dashboard is exactly what we needed.
C349,2025-11-23,3,The platform does what it promises but the learning curve was steeper than expected. More tutorials would be helpful.
C350,2025-11-16,1,The platform feels clunky and outdated compared to competitors. Navigation is confusing and certain tasks take way too many steps.
C351,2025-11-17,2,The platform feels clunky and outdated compared to competitors. Navigation is confusing and certain tasks take way too many steps.
C352,2025-11-10,1,The platform feels clunky and outdated compared to competitors. Navigation is confusing and certain tasks take way too many steps.
C353,2025-12-02,4,Excellent product! The integration with our existing systems was seamless and the documentation is very comprehensive.
C354,2025-11-21,3,The platform does what it promises but the learning curve was steeper than expected. More tutorials would be helpful.
C355,2025-11-29,1,Integration problems persist despite multiple support tickets. This is causing serious workflow disruptions for our organization.
C356,2025-11-29,3,Works as advertised. Interface could be more modern but functionality is solid. Would like to see better mobile support.
C357,2025-11-04,3,It's decent but I've noticed some occasional lag during peak hours. Otherwise no major complaints about functionality.
C358,2025-11-20,4,Excellent product! The integration with our existing systems was seamless and the documentation is very comprehensive.
C359,2025-11-03,1,System downtime has been a major problem lately. We've lost productivity multiple times due to unexpected outages.
C360,2025-11-19,1,Very disappointed with recent changes. Features we relied on were removed without warning and the new ones don't compensate.
C361,2025-12-03,4,Excellent product! The integration with our existing systems was seamless and the documentation is very comprehensive.
C362,2025-12-06,1,Integration problems persist despite multiple support tickets. This is causing serious workflow disruptions for our organization.
C363,2025-11-13,3,Meets expectations but doesn't exceed them. Reliable for day-to-day use but nothing particularly innovative or exciting.
C364,2025-12-03,2,Experiencing frequent bugs and crashes that are really disrupting our work. Support has been slow to respond to our tickets.
C365,2025-11-29,1,System downtime has been a major problem lately. We've lost productivity multiple times due to unexpected outages.
C366,2025-11-06,5,I love how intuitive the interface is. My team got up to speed in no time and we're already seeing productivity gains.
C367,2025-11-03,2,Integration problems persist despite multiple support tickets. This is causing serious workflow disruptions for our organization.
C368,2025-11-29,5,I love how intuitive the interface is. My team got up to speed in no time and we're already seeing productivity gains.
C369,2025-11-24,3,Works as advertised. Interface could be more modern but functionality is solid. Would like to see better mobile support.
C370,2025-11-25,4,"Great experience overall. The platform is stable, features are robust, and the team clearly listens to user feedback."
C371,2025-11-04,3,It's decent but I've noticed some occasional lag during peak hours. Otherwise no major complaints about functionality.
C372,2025-11-22,1,The interface is unnecessarily complicated. Simple tasks require too many clicks and the UX design needs a complete overhaul.
C373,2025-11-19,3,The platform does what it promises but the learning curve was steeper than expected. More tutorials would be helpful.
C374,2025-11-22,1,The platform feels clunky and outdated compared to competitors. Navigation is confusing and certain tasks take way too many steps.
C375,2025-11-23,3,Average experience. The core features work well but some of the newer additions feel incomplete or unintuitive.
C376,2025-11-09,5,Customer support team was incredibly helpful and resolved my issue within minutes. Very impressed with the service quality.
C377,2025-11-20,5,This tool has become essential for our daily operations. Really appreciate the continuous improvements and new capabilities.
C378,2025-11-22,2,Very disappointed with recent changes. Features we relied on were removed without warning and the new ones don't compensate.
C379,2025-11-28,5,"Great experience overall. The platform is stable, features are robust, and the team clearly listens to user feedback."
C380,2025-11-02,3,Works as advertised. Interface could be more modern but functionality is solid. Would like to see better mobile support.
C381,2025-11-12,2,System downtime has been a major problem lately. We've lost productivity multiple times due to unexpected outages.
C382,2025-12-02,2,Poor customer service experience. Waited over a week for a response to a critical issue that was blocking our entire team.
C383,2025-11-09,2,Very disappointed with recent changes. Features we relied on were removed without warning and the new ones don't compensate.
C384,2025-11-19,1,Experiencing frequent bugs and crashes that are really disrupting our work. Support has been slow to respond to our tickets.
C385,2025-11-22,5,I love how intuitive the interface is. My team got up to speed in no time and we're already seeing productivity gains.
C386,2025-11-25,2,The platform feels clunky and outdated compared to competitors. Navigation is confusing and certain tasks take way too many steps.
C387,2025-11-12,5,I love how intuitive the interface is. My team got up to speed in no time and we're already seeing productivity gains.
C388,2025-11-29,1,The interface is unnecessarily complicated. Simple tasks require too many clicks and the UX design needs a complete overhaul.
C389,2025-11-24,2,Integration problems persist despite multiple support tickets. This is causing serious workflow disruptions for our organization.
C390,2025-11-19,4,The recent updates have made a huge difference. Performance is much faster and the new dashboard is exactly what we needed.
C391,2025-12-05,2,Not worth the price in my opinion. Too many basic features are locked behind expensive add-ons and upgrades.
C392,2025-12-01,2,System downtime has been a major problem lately. We've lost productivity multiple times due to unexpected outages.
C393,2025-11-29,4,Been using this for months now and couldn't be happier. The value for money is excellent and support is always responsive.
C394,2025-11-25,5,This tool has become essential for our daily operations. Really appreciate the continuous improvements and new capabilities.
C395,2025-11-11,2,The platform feels clunky and outdated compared to competitors. Navigation is confusing and certain tasks take way too many steps.
C396,2025-11-17,1,Integration problems persist despite multiple support tickets. This is causing serious workflow disruptions for our organization.
C397,2025-11-24,5,Customer support team was incredibly helpful and resolved my issue within minutes. Very impressed with the service quality.
C398,2025-12-04,1,Not worth the price in my opinion. Too many basic features are locked behind expensive add-ons and upgrades.
C399,2025-11-06,2,Not worth the price in my opinion. Too many basic features are locked behind expensive add-ons and upgrades.
C400,2025-11-29,5,I love how intuitive the interface is. My team got up to speed in no time and we're already seeing productivity gains.
C401,2025-11-28,1,Poor customer service experience. Waited over a week for a response to a critical issue that was blocking our entire team.
C402,2025-11-29,3,The product works fine for basic needs but I think there's room for improvement in some of the advanced features.
C403,2025-11-27,1,The interface is unnecessarily complicated. Simple tasks require too many clicks and the UX design needs a complete overhaul.
C404,2025-12-03,3,Good product overall. Some features are great while others could use refinement. Looking forward to future updates.
C405,2025-11-25,1,System downtime has been a major problem lately. We've lost productivity multiple times due to unexpected outages.
C406,2025-11-15,1,System downtime has been a major problem lately. We've lost productivity multiple times due to unexpected outages.
C407,2025-11-07,3,The platform does what it promises but the learning curve was steeper than expected. More tutorials would be helpful.
C408,2025-11-09,1,Not worth the price in my opinion. Too many basic features are locked behind expensive add-ons and upgrades.
C409,2025-12-01,2,Integration problems persist despite multiple support tickets. This is causing serious workflow disruptions for our organization.
C410,2025-11-29,5,The product has been fantastic! The new features really help streamline our workflow and save us hours every week.
C411,2025-11-06,1,Not worth the price in my opinion. Too many basic features are locked behind expensive add-ons and upgrades.
C412,2025-11-14,2,The interface is unnecessarily complicated. Simple tasks require too many clicks and the UX design needs a complete overhaul.
C413,2025-11-08,3,Good product overall. Some features are great while others could use refinement. Looking forward to future updates.
C414,2025-11-20,1,Experiencing frequent bugs and crashes that are really disrupting our work. Support has been slow to respond to our tickets.
C415,2025-11-16,4,Excellent product! The integration with our existing systems was seamless and the documentation is very comprehensive.
C416,2025-11-05,1,Integration problems persist despite multiple support tickets. This is causing serious workflow disruptions for our organization.
C417,2025-12-05,1,Poor customer service experience. Waited over a week for a response to a critical issue that was blocking our entire team.
C418,2025-11-10,3,Average experience. The core features work well but some of the newer additions feel incomplete or unintuitive.
C419,2025-11-01,5,"Great experience overall. The platform is stable, features are robust, and the team clearly listens to user feedback."
C420,2025-11-16,5,This tool has become essential for our daily operations. Really appreciate the continuous improvements and new capabilities.
C421,2025-11-12,1,System downtime has been a major problem lately. We've lost productivity multiple times due to unexpected outages.
C422,2025-11-05,5,The product has been fantastic! The new features really help streamline our workflow and save us hours every week.
C423,2025-11-25,4,The product has been fantastic! The new features really help streamline our workflow and save us hours every week.
C424,2025-11-25,3,Works as advertised. Interface could be more modern but functionality is solid. Would like to see better mobile support.
C425,2025-11-02,3,It's decent but I've noticed some occasional lag during peak hours. Otherwise no major complaints about functionality.
C426,2025-11-23,2,Very disappointed with recent changes. Features we relied on were removed without warning and the new ones don't compensate.
C427,2025-11-22,2,Experiencing frequent bugs and crashes that are really disrupting our work. Support has been slow to respond to our tickets.
C428,2025-11-23,5,"Great experience overall. The platform is stable, features are robust, and the team clearly listens to user feedback."
C429,2025-11-12,4,Excellent product! The integration with our existing systems was seamless and the documentation is very comprehensive.
C430,2025-11-12,2,Very disappointed with recent changes. Features we relied on were removed without warning and the new ones don't compensate.
C431,2025-11-30,1,Not worth the price in my opinion. Too many basic features are locked behind expensive add-ons and upgrades.
C432,2025-11-13,1,Poor customer service experience. Waited over a week for a response to a critical issue that was blocking our entire team.
C433,2025-11-03,3,Works as advertised. Interface could be more modern but functionality is solid. Would like to see better mobile support.
C434,2025-12-03,4,Excellent product! The integration with our existing systems was seamless and the documentation is very comprehensive.
C435,2025-11-17,1,Poor customer service experience. Waited over a week for a response to a critical issue that was blocking our entire team.
C436,2025-11-19,3,The product works fine for basic needs but I think there's room for improvement in some of the advanced features.
C437,2025-11-22,3,It's decent but I've noticed some occasional lag during peak hours. Otherwise no major complaints about functionality.
C438,2025-11-24,4,This tool has become essential for our daily operations. Really appreciate the continuous improvements and new capabilities.
C439,2025-11-29,4,"Great experience overall. The platform is stable, features are robust, and the team clearly listens to user feedback."
C440,2025-11-12,4,Excellent product! The integration with our existing systems was seamless and the documentation is very comprehensive.
C441,2025-11-24,5,Been using this for months now and couldn't be happier. The value for money is excellent and support is always responsive.
C442,2025-11-06,4,Customer support team was incredibly helpful and resolved my issue within minutes. Very impressed with the service quality.
C443,2025-11-28,5,I love how intuitive the interface is. My team got up to speed in no time and we're already seeing productivity gains.
C444,2025-12-05,3,It's okay for our needs. Performance is generally acceptable though we've had a few minor bugs here and there.
C445,2025-11-07,1,System downtime has been a major problem lately. We've lost productivity multiple times due to unexpected outages.
C446,2025-11-19,3,Meets expectations but doesn't exceed them. Reliable for day-to-day use but nothing particularly innovative or exciting.
C447,2025-11-28,2,Integration problems persist despite multiple support tickets. This is causing serious workflow disruptions for our organization.
C448,2025-11-23,4,The product has been fantastic! The new features really help streamline our workflow and save us hours every week.
C449,2025-11-23,5,This tool has become essential for our daily operations. Really appreciate the continuous improvements and new capabilities.
C450,2025-11-18,1,Very disappointed with recent changes. Features we relied on were removed without warning and the new ones don't compensate.
C451,2025-11-26,3,The platform does what it promises but the learning curve was steeper than expected. More tutorials would be helpful.
C452,2025-11-02,2,Integration problems persist despite multiple support tickets. This is causing serious workflow disruptions for our organization.
C453,2025-11-03,2,Very disappointed with recent changes. Features we relied on were removed without warning and the new ones don't compensate.
C454,2025-11-16,3,It's okay for our needs. Performance is generally acceptable though we've had a few minor bugs here and there.
C455,2025-11-25,5,The product has been fantastic! The new features really help streamline our workflow and save us hours every week.
C456,2025-11-10,4,"Great experience overall. The platform is stable, features are robust, and the team clearly listens to user feedback."
C457,2025-11-24,4,Customer support team was incredibly helpful and resolved my issue within minutes. Very impressed with the service quality.
C458,2025-11-09,5,"Great experience overall. The platform is stable, features are robust, and the team clearly listens to user feedback."
C459,2025-11-26,3,Works as advertised. Interface could be more modern but functionality is solid. Would like to see better mobile support.
C460,2025-11-16,1,Experiencing frequent bugs and crashes that are really disrupting our work. Support has been slow to respond to our tickets.
C461,2025-11-12,4,This tool has become essential for our daily operations. Really appreciate the continuous improvements and new capabilities.
C462,2025-12-06,1,Not worth the price in my opinion. Too many basic features are locked behind expensive add-ons and upgrades.
C463,2025-11-17,4,The recent updates have made a huge difference. Performance is much faster and the new dashboard is exactly what we needed.
C464,2025-11-19,4,The recent updates have made a huge difference. Performance is much faster and the new dashboard is exactly what we needed.
C465,2025-11-08,2,Very disappointed with recent changes. Features we relied on were removed without warning and the new ones don't compensate.
C466,2025-11-29,2,Integration problems persist despite multiple support tickets. This is causing serious workflow disruptions for our organization.
C467,2025-11-06,3,It's okay for our needs. Performance is generally acceptable though we've had a few minor bugs here and there.
C468,2025-11-05,5,Been using this for months now and couldn't be happier. The value for money is excellent and support is always responsive.
C469,2025-11-20,2,The platform feels clunky and outdated compared to competitors. Navigation is confusing and certain tasks take way too many steps.
C470,2025-11-24,5,The recent updates have made a huge difference. Performance is much faster and the new dashboard is exactly what we needed.
C471,2025-11-08,2,The platform feels clunky and outdated compared to competitors. Navigation is confusing and certain tasks take way too many steps.
C472,2025-11-16,4,The product has been fantastic! The new features really help streamline our workflow and save us hours every week.
C473,2025-11-24,5,"Great experience overall. The platform is stable, features are robust, and the team clearly listens to user feedback."
C474,2025-11-30,5,I love how intuitive the interface is. My team got up to speed in no time and we're already seeing productivity gains.
C475,2025-11-06,1,Not worth the price in my opinion. Too many basic features are locked behind expensive add-ons and upgrades.
C476,2025-11-26,4,This tool has become essential for our daily operations. Really appreciate the continuous improvements and new capabilities.
C477,2025-11-27,5,Customer support team was incredibly helpful and resolved my issue within minutes. Very impressed with the service quality.
C478,2025-11-09,3,It's decent but I've noticed some occasional lag during peak hours. Otherwise no major complaints about functionality.
C479,2025-11-29,4,"Great experience overall. The platform is stable, features are robust, and the team clearly listens to user feedback."
C480,2025-11-09,5,I love how intuitive the interface is. My team got up to speed in no time and we're already seeing productivity gains.
C481,2025-11-09,4,The product has been fantastic! The new features really help streamline our workflow and save us hours every week.
C482,2025-11-08,5,I love how intuitive the interface is. My team got up to speed in no time and we're already seeing productivity gains.
C483,2025-11-20,2,The platform feels clunky and outdated compared to competitors. Navigation is confusing and certain tasks take way too many steps.
C484,2025-11-21,2,System downtime has been a major problem lately. We've lost productivity multiple times due to unexpected outages.
C485,2025-12-04,3,It's decent but I've noticed some occasional lag during peak hours. Otherwise no major complaints about functionality.
C486,2025-11-17,2,Not worth the price in my opinion. Too many basic features are locked behind expensive add-ons and upgrades.
C487,2025-11-09,3,It's decent but I've noticed some occasional lag during peak hours. Otherwise no major complaints about functionality.
C488,2025-12-03,2,The platform feels clunky and outdated compared to competitors. Navigation is confusing and certain tasks take way too many steps.
C489,2025-11-11,5,"Great experience overall. The platform is stable, features are robust, and the team clearly listens to user feedback."
C490,2025-11-03,1,Very disappointed with recent changes. Features we relied on were removed without warning and the new ones don't compensate.
C491,2025-11-03,5,Been using this for months now and couldn't be happier. The value for money is excellent and support is always responsive.
C492,2025-11-14,5,This tool has become essential for our daily operations. Really appreciate the continuous improvements and new capabilities.
C493,2025-11-02,4,Been using this for months now and couldn't be happier. The value for money is excellent and support is always responsive.
C494,2025-11-20,4,The recent updates have made a huge difference. Performance is much faster and the new dashboard is exactly what we needed.
C495,2025-11-26,3,Meets expectations but doesn't exceed them. Reliable for day-to-day use but nothing particularly innovative or exciting.
C496,2025-11-05,1,The platform feels clunky and outdated compared to competitors. Navigation is confusing and certain tasks take way too many steps.
C497,2025-11-29,4,Excellent product! The integration with our existing systems was seamless and the documentation is very comprehensive.
C498,2025-11-30,2,System downtime has been a major problem lately. We've lost productivity multiple times due to unexpected outages.
C499,2025-11-10,3,It's okay for our needs. Performance is generally acceptable though we've had a few minor bugs here and there.
C500,2025-11-23,4,I love how intuitive the interface is. My team got up to speed in no time and we're already seeing productivity gains.
